yAxis	xAxis
1	4.8
2	4.3
3	3.9
4	3.5
5	3.7
6	4.0
7	3.9
8	4.5
9	4.9
10	4.1
11	4.8
12	4.2
13	4.3
14	5.0
15	4.7
16	4.8
17	4.1
18	3.8
19	3.5
20	3.8
21	3.5
22	3.5
23	3.4
24	3.4
25	3.4
26	3.3
27	3.5
28	3.6
29	3.9
30	4.2
31	4.9
32	5.1
33	5.5
34	6.5
35	6.8
36	8.1
37	7.2
38	7.3
39	6.3
40	5.9
41	5.9
42	5.6
43	5.5
44	5.3
45	5.3
46	5.0
47	4.8
48	5.1
49	5.3
50	5.7
51	5.4
52	5.4
53	5.4
54	5.5
55	5.1
56	5.1
57	4.9
58	5.0
59	5.5
60	5.6
61	5.7
62	5.4
63	5.0
64	4.8
65	4.3
66	4.0
67	2.9
68	2.6
69	2.3
70	2.1
71	1.7
72	1.5
73	1.3
74	1.3
75	1.5
76	1.6
77	1.8
78	1.3
79	0.9
80	1.0
81	1.2
82	1.5
83	2.1
84	2.8
85	3.1
86	3.2
87	2.9
88	2.6
89	2.1
90	1.5
91	1.4
92	1.2
93	1.0
94	0.7
95	0.6
96	0.5
97	0.4
98	-0.2
99	-0.4
100	-0.4
101	-0.4
102	-0.4
103	-0.4
104	-0.3
105	-0.1
106	0.1
107	0.7
108	1.4
109	1.6
110	1.6
111	1.3
112	0.9
113	0.5
114	0.0
115	0.1
116	-0.9
117	-1.0
118	-1.1
119	-1.3
120	-1.3
121	-1.5
122	-1.3
123	-1.3
124	-0.6
125	-0.7
126	-0.4
127	-0.1
128	0.7
129	0.6
130	0.6
131	1.6
132	1.8
133	1.6
134	1.6
135	1.6
136	1.5
137	1.3
138	1.2
139	0.5
140	0.4
141	0.1
142	0.5
143	0.4
144	0.5
145	0.7
146	0.6
147	0.5
148	0.7
149	1.0
150	1.1
151	1.6
152	1.5
153	1.5
154	1.6
155	0.4
156	0.6
157	1.3
158	1.5
159	2.0
160	2.3
161	2.0
162	2.1
163	2.1
164	2.3
165	2.6
166	2.6
167	2.6
168	3.1
169	3.1
170	3.0
171	2.6
172	3.1
173	3.5
174	3.5
175	3.9
176	4.0
177	3.9
178	3.5
179	2.9
180	2.9
181	2.9
182	2.9
183	3.1
184	3.1
185	2.9
186	3.1
187	2.8
188	2.9
189	2.6
190	2.8
191	2.4
192	3.3
193	4.7
194	4.4
195	4.0
196	4.3
197	4.5
198	4.0
199	4.5
200	4.2
201	3.5
202	3.2
203	3.2
204	2.8
205	2.1
206	0.6
207	0.6
208	0.7
209	1.0
210	0.9
211	0.0
212	-0.1
213	1.0
214	0.9
215	0.9
216	0.6
217	0.5
218	-0.2
219	-0.1
220	0.1
221	0.3
222	0.4
223	0.4
224	0.5
225	0.9
226	0.6
227	0.4
228	0.5
229	0.9
230	3.1
231	4.2
232	5.3
233	4.5
234	5.2
235	5.0
236	4.7
237	4.5
238	4.8
239	5.5
240	5.5
241	5.4
242	5.7
243	5.5
244	5.4
245	4.5
246	4.9
247	4.3
248	4.6
249	4.8
250	4.8
251	5.0
252	5.2
253	5.1
254	5.1
255	3.2
256	1.0
257	1.0
258	1.3
259	1.3
260	1.0
261	0.4
262	0.0
263	-0.1
264	-0.4
265	-0.5
266	-0.9
267	-1.2
268	-1.1
269	-0.7
270	-0.2
271	0.2
272	1.8
273	2.4
274	3.2
275	3.5
276	4.0
277	4.2
278	4.5
279	4.4
280	4.0
281	3.9
282	3.9
283	4.3
284	4.8
285	6.0
286	7.1
287	7.3
288	6.2
289	5.0
290	5.0
291	5.8
292	5.5
293	4.9
294	3.9
295	3.2
296	3.0
297	3.1
298	3.3
299	3.5
300	4.8
301	4.5
302	5.3
303	5.0
304	3.9
305	4.0
306	4.4
307	5.6
308	5.4
309	4.8
310	4.8
311	3.9
312	3.5
313	3.1
314	2.6
315	2.6
316	3.1
317	3.1
318	2.9
319	2.8
320	2.9
321	2.6
322	2.5
323	2.7
324	2.7
325	2.6
326	2.9
327	2.4
328	2.4
329	2.6
330	2.4
331	2.0
332	2.1
333	2.3
334	2.1
335	2.4
336	2.7
337	2.4
338	2.0
339	2.1
340	1.8
341	1.8
342	2.0
343	2.4
344	2.2
345	2.0
346	3.3
347	3.2
348	3.2
349	3.4
350	3.4
351	3.5
352	3.0
353	2.9
354	3.1
355	3.5
356	4.0
357	4.5
358	4.5
359	4.5
360	4.6
361	4.9
362	4.6
363	5.3
364	4.9
365	5.4
366	5.3
367	5.2
368	5.3
369	5.7
370	5.7
371	5.9
372	5.4
373	5.1
374	4.8
375	4.9
376	4.9
377	4.9
378	4.8
379	4.8
380	4.6
381	4.9
382	4.8
383	4.6
384	4.3
385	4.3
386	4.1
387	4.0
388	4.0
389	4.0
390	4.3
391	3.9
392	3.9
393	3.8
394	3.6
395	3.8
396	3.9
397	3.8
398	4.0
399	4.1
400	4.1
401	3.8
402	3.6
403	3.5
404	3.4
405	2.9
406	3.4
407	3.5
408	3.4
409	3.4
410	3.4
411	3.3
412	3.2
413	3.1
414	2.6
415	2.3
416	2.1
417	2.3
418	2.9
419	2.9
420	3.3
421	3.4
422	3.1
423	3.1
424	3.0
425	3.0
426	2.6
427	2.6
428	2.9
429	2.6
430	2.6
431	2.4
432	2.3
433	2.1
434	2.1
435	2.0
436	1.5
437	1.1
438	0.7
439	0.9
440	1.1
441	1.6
442	2.1
443	2.6
444	3.0
445	2.8
446	2.8
447	2.4
448	2.1
449	2.1
450	2.1
451	2.1
452	2.0
453	2.0
454	2.0
455	2.6
456	2.9
457	3.0
458	2.9
459	2.5
460	2.1
461	2.1
462	2.1
463	2.3
464	2.4
465	2.3
466	1.8
467	1.6
468	1.6
469	1.2
470	1.2
471	0.7
472	0.4
473	0.5
474	0.5
475	0.5
476	0.5
477	0.4
478	0.4
479	0.3
480	0.4
481	0.4
482	0.5
483	0.6
484	0.7
485	0.9
486	0.9
487	1.1
488	1.2
489	1.1
490	1.0
491	1.3
492	1.6
493	1.6
494	1.6
495	1.6
496	1.6
497	1.2
498	1.1
499	1.3
500	1.6
501	1.5
502	1.2
503	1.0
504	1.3
505	1.3
506	1.3
507	1.2
508	1.1
509	0.6
510	0.6
511	0.7
512	0.9
513	1.1
514	1.5
515	1.5
516	1.5
517	1.5
518	1.3
519	1.1
520	1.2
521	1.2
522	1.1
523	0.9
524	0.9
525	1.0
526	1.3
527	1.0
528	1.1
529	1.1
530	0.7
531	1.3
532	0.1
533	0.2
534	0.1
535	-0.8
536	-1.4
537	-1.1
538	-0.7
539	-0.4
540	0.1
541	0.2
542	-0.1
543	-0.8
544	-1.5
545	-2.0
546	-2.1
547	-2.3
548	-2.3
549	-2.8
550	-2.7
551	-2.6
552	-3.7
553	-3.8
554	-3.7
555	-2.1
556	-0.7
557	1.3
558	1.4
559	1.5
560	2.0
561	2.0
562	1.9
563	2.0
564	1.6
565	1.4
566	1.3
567	1.3
568	1.5
569	1.6
570	1.5
571	1.4
572	1.7
573	1.6
574	1.6
575	1.6
576	1.6
577	1.1
578	1.1
579	1.0
580	1.0
581	0.0
582	0.4
583	0.7
584	1.6
585	2.3
586	1.3
587	1.8
588	1.7
589	1.5
590	1.5
591	1.3
592	1.5
593	1.1
594	1.2
595	1.1
596	1.5
597	1.3
598	0.5
599	0.3
600	0.1
601	0.1
602	0.4
603	0.7
604	0.7
605	0.6
606	1.1
607	1.8
608	2.1
609	2.1
610	2.8
611	3.0
612	2.8
613	2.9
614	3.1
615	3.1
616	2.8
617	3.1
618	2.9
619	2.7
620	2.6
621	2.9
622	2.9
623	2.8
624	2.6
625	2.4
626	2.2
627	2.3
628	2.1
629	2.1
630	1.8
631	1.5
632	1.3
633	1.3
634	1.3
635	1.6
636	1.6
637	1.9
638	2.0
639	2.1
640	2.0
641	1.8
642	1.4
643	1.1
644	1.3
645	1.3
646	1.0
647	0.5
648	-0.1
649	-0.4
650	-0.5
651	-0.6
652	-0.9
653	-0.7
654	0.0
655	1.1
656	1.1
657	1.6
658	2.3
659	2.9
660	3.0
661	3.2
662	3.4
663	3.2
664	3.3
665	3.4
666	3.5
667	3.8
668	3.5
669	3.9
670	2.8
671	2.7
672	2.3
673	2.3
674	1.8
675	2.1
676	2.3
677	2.6
678	2.4
679	2.6
680	2.6
681	2.6
682	2.9
683	2.9
684	2.9
685	2.1
686	2.1
687	1.5
688	1.8
689	1.5
690	2.6
691	2.7
692	2.9
693	3.0
694	0.7
695	0.9
696	0.9
697	0.2
698	0.1
699	0.4
700	0.6
701	1.0
702	1.6
703	1.6
704	1.9
705	2.3
706	2.0
707	1.5
708	1.0
709	1.3
710	1.3
711	1.0
712	0.9
713	0.9
714	0.6
715	0.6
716	0.5
717	0.4
718	0.4
719	0.4
720	0.4
721	0.4
722	0.5
723	0.5
724	0.6
725	0.7
726	0.9
727	1.1
728	1.1
729	0.9
730	0.9
731	1.0
732	1.1
733	1.0
734	1.1
735	1.1
736	1.1
737	0.9
738	0.7
739	0.9
740	0.7
741	0.9
742	0.9
743	0.9
744	0.9
745	1.0
746	1.0
747	1.1
748	1.0
749	1.1
750	1.3
751	0.9
752	0.9
753	0.8
754	1.3
755	1.5
756	1.4
757	1.2
758	1.2
759	1.3
760	1.3
761	1.1
762	1.0
763	0.7
764	0.9
765	0.7
766	0.6
767	0.5
768	0.4
769	0.1
770	0.1
771	0.0
772	-0.1
773	-0.1
774	-0.3
775	-0.4
776	-0.5
777	-0.4
778	-0.7
779	-1.4
780	-1.3
781	-1.3
782	-1.3
783	-1.6
784	-1.6
785	-1.8
786	-1.8
787	-1.8
788	-2.1
789	-2.3
790	-2.8
791	-2.9
792	-3.2
793	-3.3
794	-3.4
795	-3.8
796	-3.8
797	-3.9
798	-4.0
799	-4.3
800	-3.8
801	-3.2
802	-3.2
803	-3.1
804	-2.6
805	-2.5
806	-2.3
807	-1.8
808	-1.4
809	-1.5
810	-1.9
811	-2.3
812	-2.3
813	-2.6
814	-2.6
815	-2.5
816	-2.4
817	-2.6
818	-2.6
819	-2.5
820	-2.3
821	-2.1
822	-2.0
823	-2.0
824	-1.7
825	-1.1
826	-0.4
827	-0.6
828	0.1
829	0.1
830	0.4
831	0.1
832	-0.1
833	-0.4
834	-0.6
835	-0.4
836	-0.9
837	-1.3
838	-0.5
839	-0.6
840	-0.1
841	-0.3
842	-0.2
843	-1.2
844	-1.3
845	-1.6
846	-1.5
847	-2.0
848	-1.0
849	-0.7
850	-0.3
851	0.0
852	0.1
853	0.2
854	-0.1
855	-0.5
856	-0.4
857	-0.5
858	-1.0
859	-0.9
860	-1.3
861	-1.0
862	-1.6
863	-2.1
864	-2.3
865	-2.6
866	-2.4
867	-2.3
868	-2.1
869	-2.4
870	-2.3
871	-2.4
872	-1.6
873	-0.7
874	-0.4
875	0.6
876	1.6
877	2.4
878	1.6
879	1.5
880	1.0
881	0.6
882	0.5
883	0.3
884	0.4
885	0.2
886	0.2
887	0.1
888	0.4
889	0.6
890	0.5
891	1.1
892	1.5
893	1.8
894	2.1
895	2.2
896	2.3
897	2.9
898	3.3
899	3.1
900	3.3
901	4.0
902	5.3
903	4.6
904	4.8
905	2.5
906	2.9
907	2.1
908	1.8
909	1.9
910	1.8
911	1.5
912	1.0
913	0.6
914	0.4
915	0.4
916	0.0
917	0.0
918	-0.1
919	-0.3
920	-0.3
921	0.1
922	0.5
923	0.7
924	1.0
925	1.3
926	1.4
927	1.3
928	0.9
929	0.6
930	0.6
931	0.7
932	0.7
933	1.1
934	1.3
935	1.3
936	2.1
937	2.7
938	2.8
939	3.3
940	3.9
941	3.8
942	3.9
943	3.8
944	5.0
945	5.5
946	6.8
947	6.9
948	7.7
949	7.4
950	7.4
951	8.6
952	8.7
953	7.5
954	6.2
955	6.2
956	4.4
957	4.0
958	2.6
959	2.4
960	2.4
961	2.1
962	2.1
963	2.1
964	2.4
965	2.2
966	2.3
967	2.1
968	2.5
969	2.7
970	3.5
971	6.0
972	6.5
973	7.3
974	9.6
975	9.8
976	7.1
977	4.6
978	4.5
979	3.6
980	3.5
981	3.8
982	2.4
983	2.0
984	1.5
985	1.5
986	1.1
987	1.1
988	1.0
989	1.1
990	1.1
991	1.0
992	0.9
993	1.5
994	1.6
995	2.1
996	2.1
997	2.6
998	4.2
999	3.5
1000	2.0
1001	1.3
1002	0.9
1003	0.7
1004	0.7
1005	0.6
1006	0.6
1007	0.3
1008	0.5
1009	0.6
1010	0.5
1011	0.7
1012	1.1
1013	1.3
1014	1.5
1015	1.6
1016	1.6
1017	1.8
1018	2.1
1019	2.3
1020	2.3
1021	2.6
1022	2.4
1023	2.6
1024	2.3
1025	2.1
1026	2.2
1027	2.3
1028	2.1
1029	2.0
1030	1.8
1031	1.6
1032	1.3
1033	1.1
1034	1.1
1035	0.9
1036	0.6
1037	0.9
1038	1.1
1039	1.1
1040	1.1
1041	1.1
1042	1.3
1043	1.3
1044	1.6
1045	1.8
1046	2.1
1047	2.0
1048	2.0
1049	2.0
1050	1.9
1051	2.0
1052	2.0
1053	1.6
1054	1.3
1055	1.1
1056	1.0
1057	0.9
1058	0.9
1059	0.7
1060	0.7
1061	0.6
1062	0.6
1063	0.6
1064	0.6
1065	0.7
1066	0.9
1067	0.9
1068	1.1
1069	0.9
1070	0.7
1071	0.9
1072	1.0
1073	1.1
1074	1.5
1075	1.6
1076	1.8
1077	1.8
1078	1.8
1079	2.1
1080	2.3
1081	2.1
1082	2.1
1083	2.5
1084	2.7
1085	2.8
1086	2.9
1087	3.0
1088	3.3
1089	3.5
1090	3.2
1091	2.6
1092	3.4
1093	3.1
1094	2.8
1095	2.1
1096	1.8
1097	1.8
1098	2.0
1099	1.9
1100	1.8
1101	1.6
1102	1.1
1103	0.9
1104	0.7
1105	0.6
1106	0.5
1107	0.4
1108	0.7
1109	1.0
1110	1.0
1111	1.0
1112	1.2
1113	1.3
1114	1.3
1115	1.4
1116	1.3
1117	1.1
1118	0.7
1119	0.8
1120	1.0
1121	1.3
1122	1.3
1123	1.3
1124	1.3
1125	1.1
1126	1.0
1127	0.3
1128	0.1
1129	-0.2
1130	-0.4
1131	-0.1
1132	0.4
1133	0.4
1134	0.4
1135	0.3
1136	0.4
1137	0.4
1138	0.5
1139	0.5
1140	0.6
1141	0.7
1142	1.0
1143	1.3
1144	1.2
1145	1.3
1146	1.6
1147	1.6
1148	1.5
1149	1.3
1150	1.5
1151	1.6
1152	1.6
1153	2.1
1154	2.2
1155	2.6
1156	3.5
1157	3.5
1158	3.7
1159	3.9
1160	4.3
1161	4.5
1162	4.9
1163	5.6
1164	4.4
1165	5.9
1166	5.7
1167	6.8
1168	6.2
1169	5.6
1170	5.6
1171	5.6
1172	5.4
1173	5.5
1174	5.4
1175	5.4
1176	5.4
1177	5.3
1178	5.2
1179	5.5
1180	4.9
1181	4.5
1182	5.2
1183	4.6
1184	4.8
1185	4.8
1186	5.2
1187	4.3
1188	3.4
1189	5.4
1190	5.1
1191	4.8
1192	4.4
1193	3.5
1194	3.9
1195	3.6
1196	3.5
1197	3.2
1198	3.1
1199	2.8
1200	2.9
1201	2.8
1202	2.8
1203	2.8
1204	2.6
1205	2.6
1206	2.5
1207	2.6
1208	2.6
1209	2.6
1210	2.6
1211	2.4
1212	2.3
1213	2.1
1214	2.3
1215	2.1
1216	2.3
1217	2.6
1218	2.9
1219	3.2
1220	3.1
1221	3.2
1222	3.3
1223	3.3
1224	3.3
1225	3.3
1226	3.3
1227	3.5
1228	3.3
1229	3.1
1230	3.3
1231	3.4
1232	3.8
1233	3.9
1234	3.6
1235	3.6
1236	3.5
1237	3.4
1238	3.4
1239	3.2
1240	3.4
1241	3.5
1242	4.3
1243	5.0
1244	4.8
1245	3.2
1246	2.7
1247	3.1
1248	2.6
1249	2.6
1250	2.6
1251	2.6
1252	2.5
1253	2.6
1254	2.6
1255	2.6
1256	2.7
1257	3.2
1258	3.3
1259	3.9
1260	3.9
1261	4.4
1262	4.3
1263	3.7
1264	3.5
1265	3.5
1266	3.1
1267	2.9
1268	2.8
1269	3.1
1270	3.1
1271	3.2
1272	3.3
1273	2.9
1274	2.9
1275	2.8
1276	2.4
1277	2.6
1278	2.6
1279	2.6
1280	2.9
1281	3.2
1282	3.9
1283	3.9
1284	4.5
1285	4.3
1286	3.2
1287	2.4
1288	2.4
1289	2.6
1290	2.9
1291	3.1
1292	3.1
1293	2.9
1294	2.8
1295	2.6
1296	2.6
1297	2.6
1298	2.9
1299	3.1
1300	3.6
1301	3.4
1302	3.1
1303	3.1
1304	3.1
1305	3.3
1306	3.6
1307	3.2
1308	3.6
1309	3.8
1310	3.6
1311	3.6
1312	3.5
1313	4.0
1314	4.4
1315	4.0
1316	4.3
1317	4.1
1318	4.3
1319	4.1
1320	4.2
1321	3.6
1322	4.0
1323	3.5
1324	3.5
1325	3.5
1326	3.2
1327	3.2
1328	3.4
1329	3.6
1330	4.2
1331	4.5
1332	4.5
1333	4.0
1334	4.3
1335	4.1
1336	3.8
1337	3.5
1338	3.4
1339	3.3
1340	3.4
1341	3.2
1342	2.9
1343	2.8
1344	2.6
1345	2.1
1346	1.3
1347	-0.2
1348	0.1
1349	0.9
1350	1.9
1351	2.1
1352	2.1
1353	2.1
1354	1.6
1355	1.6
1356	1.8
1357	1.6
1358	1.3
1359	1.3
1360	1.3
1361	1.1
1362	1.1
1363	1.1
1364	1.1
1365	1.3
1366	1.5
1367	1.6
1368	1.5
1369	1.5
1370	1.5
1371	1.3
1372	1.6
1373	2.1
1374	2.4
1375	2.6
1376	2.9
1377	2.6
1378	2.9
1379	2.9
1380	3.2
1381	3.5
1382	3.7
1383	3.4
1384	3.2
1385	2.9
1386	2.8
1387	2.9
1388	2.9
1389	3.1
1390	3.2
1391	3.2
1392	3.2
1393	3.1
1394	3.1
1395	3.0
1396	3.0
1397	2.9
1398	2.8
1399	2.9
1400	2.8
1401	2.6
1402	2.4
1403	2.4
1404	3.5
1405	2.7
1406	3.4
1407	2.4
1408	2.9
1409	2.9
1410	3.1
1411	2.9
1412	2.6
1413	2.4
1414	2.3
1415	2.4
1416	2.9
1417	2.9
1418	2.3
1419	1.6
1420	1.3
1421	2.0
1422	2.1
1423	2.7
1424	3.5
1425	4.4
1426	4.4
1427	4.5
1428	4.5
1429	4.8
1430	2.1
1431	2.3
1432	2.3
1433	2.8
1434	2.9
1435	3.2
1436	3.5
1437	3.7
1438	4.0
1439	4.0
1440	3.8
1441	3.8
1442	3.5
1443	3.6
1444	3.7
1445	3.5
1446	3.5
1447	3.4
1448	3.5
1449	4.0
1450	4.9
1451	5.0
1452	5.6
1453	4.4
1454	3.9
1455	3.1
1456	3.4
1457	2.9
1458	2.9
1459	3.1
1460	3.4
1461	3.2
1462	2.9
1463	2.7
1464	2.6
1465	2.6
1466	2.6
1467	2.8
1468	2.8
1469	2.9
1470	2.9
1471	3.3
1472	3.9
1473	4.3
1474	4.5
1475	5.3
1476	6.0
1477	5.7
1478	6.0
1479	5.4
1480	5.4
1481	4.9
1482	4.0
1483	3.5
1484	2.9
1485	2.7
1486	2.4
1487	2.1
1488	1.8
1489	1.6
1490	1.0
1491	0.0
1492	-0.1
1493	0.3
1494	0.4
1495	1.2
1496	1.5
1497	1.8
1498	3.4
1499	4.4
1500	4.4
1501	4.9
1502	3.9
1503	3.8
1504	3.5
1505	3.5
1506	3.3
1507	2.6
1508	2.3
1509	2.1
1510	2.3
1511	1.6
1512	1.5
1513	1.0
1514	0.6
1515	0.4
1516	0.7
1517	0.9
1518	0.6
1519	0.9
1520	1.8
1521	2.9
1522	3.9
1523	4.2
1524	6.2
1525	6.7
1526	7.4
1527	5.0
1528	4.0
1529	3.8
1530	2.8
1531	2.6
1532	3.3
1533	3.1
1534	2.9
1535	2.7
1536	2.4
1537	2.2
1538	2.1
1539	2.6
1540	2.6
1541	2.8
1542	3.2
1543	3.3
1544	3.4
1545	3.5
1546	3.8
1547	4.5
1548	5.3
1549	5.3
1550	7.0
1551	7.4
1552	6.0
1553	5.3
1554	4.9
1555	4.1
1556	4.0
1557	3.6
1558	3.7
1559	3.5
1560	3.1
1561	3.4
1562	3.4
1563	3.2
1564	3.7
1565	4.4
1566	4.4
1567	5.0
1568	4.5
1569	4.8
1570	4.6
1571	5.1
1572	4.9
1573	4.5
1574	4.5
1575	4.9
1576	5.1
1577	5.4
1578	5.3
1579	5.3
1580	5.4
1581	5.3
1582	5.3
1583	5.0
1584	5.4
1585	4.9
1586	4.9
1587	4.9
1588	5.0
1589	4.9
1590	5.2
1591	5.1
1592	5.3
1593	5.7
1594	7.0
1595	6.8
1596	7.4
1597	7.3
1598	7.3
1599	7.1
1600	6.8
1601	6.5
1602	5.9
1603	5.6
1604	5.4
1605	5.6
1606	6.2
1607	5.8
1608	5.4
1609	5.4
1610	4.8
1611	4.9
1612	4.6
1613	5.1
1614	7.8
1615	7.6
1616	7.4
1617	8.2
1618	10.1
1619	10.1
1620	12.2
1621	11.7
1622	12.5
1623	12.8
1624	12.0
1625	7.8
1626	8.5
1627	5.7
1628	6.2
1629	5.7
1630	4.9
1631	3.6
1632	3.9
1633	3.9
1634	3.6
1635	3.4
1636	3.7
1637	3.7
1638	4.3
1639	4.9
1640	4.5
1641	4.8
1642	4.9
1643	6.8
1644	7.9
1645	7.7
1646	7.6
1647	9.9
1648	8.3
1649	7.8
1650	7.0
1651	6.3
1652	6.0
1653	5.5
1654	4.9
1655	4.6
1656	5.3
1657	6.0
1658	5.3
1659	4.8
1660	4.3
1661	3.9
1662	3.9
1663	4.0
1664	4.4
1665	4.7
1666	4.5
1667	4.5
1668	4.5
1669	4.6
1670	4.3
1671	4.4
1672	4.0
1673	3.8
1674	3.7
1675	3.5
1676	3.1
1677	2.4
1678	2.4
1679	2.1
1680	1.8
1681	2.0
1682	1.8
1683	1.7
1684	1.8
1685	1.6
1686	1.8
1687	2.0
1688	2.8
1689	2.9
1690	3.3
1691	3.5
1692	3.5
1693	3.5
1694	3.8
1695	3.9
1696	3.5
1697	3.2
1698	2.9
1699	2.2
1700	1.6
1701	1.5
1702	1.6
1703	1.6
1704	1.5
1705	1.1
1706	1.3
1707	1.5
1708	1.6
1709	1.6
1710	2.0
1711	2.8
1712	4.0
1713	4.7
1714	4.8
1715	5.5
1716	5.8
1717	4.4
1718	4.0
1719	5.7
1720	4.9
1721	3.9
1722	3.1
1723	2.6
1724	2.1
1725	2.1
1726	1.8
1727	2.0
1728	2.1
1729	2.6
1730	2.6
1731	2.6
1732	2.4
1733	2.6
1734	2.9
1735	3.6
1736	4.8
1737	3.4
1738	3.5
1739	3.5
1740	3.5
1741	3.5
1742	3.4
1743	3.4
1744	3.3
1745	3.2
1746	3.2
1747	3.2
1748	3.1
1749	3.1
1750	2.8
1751	2.7
1752	3.1
1753	3.5
1754	3.5
1755	3.8
1756	3.3
1757	2.7
1758	2.6
1759	4.9
1760	5.7
1761	6.3
1762	6.4
1763	5.7
1764	5.0
1765	5.0
1766	4.9
1767	4.5
1768	4.5
1769	3.9
1770	3.5
1771	3.8
1772	4.1
1773	4.5
1774	3.7
1775	4.6
1776	4.5
1777	4.0
1778	4.0
1779	4.0
1780	4.5
1781	4.8
1782	4.8
1783	4.9
1784	6.0
1785	6.5
1786	6.5
1787	6.3
1788	6.6
1789	7.0
1790	6.3
1791	6.2
1792	5.7
1793	5.3
1794	4.9
1795	4.9
1796	5.1
1797	5.0
1798	5.3
1799	6.0
1800	5.0
1801	4.4
1802	4.6
1803	4.9
1804	5.0
1805	4.9
1806	4.9
1807	6.0
1808	7.1
1809	7.2
1810	7.4
1811	7.9
1812	8.2
1813	7.7
1814	7.9
1815	7.3
1816	6.7
1817	6.0
1818	5.0
1819	5.9
1820	6.7
1821	6.7
1822	6.0
1823	6.0
1824	6.0
1825	6.0
1826	5.1
1827	4.9
1828	4.5
1829	4.0
1830	4.3
1831	6.0
1832	7.3
1833	8.8
1834	9.6
1835	10.4
1836	7.6
1837	10.2
1838	10.5
1839	10.5
1840	10.1
1841	7.8
1842	4.6
1843	4.1
1844	4.0
1845	2.9
1846	2.7
1847	1.8
1848	1.3
1849	1.0
1850	0.7
1851	1.6
1852	0.6
1853	0.7
1854	0.9
1855	1.0
1856	1.3
1857	2.4
1858	3.7
1859	3.7
1860	5.2
1861	6.5
1862	7.5
1863	8.3
1864	8.9
1865	6.5
1866	5.9
1867	5.5
1868	5.5
1869	5.1
1870	4.8
1871	4.2
1872	4.0
1873	3.8
1874	4.0
1875	3.5
1876	3.4
1877	3.6
1878	3.4
1879	3.7
1880	3.9
1881	4.0
1882	4.4
1883	4.6
1884	5.0
1885	5.4
1886	5.5
1887	6.9
1888	6.7
1889	5.9
1890	5.8
1891	5.9
1892	5.4
1893	5.1
1894	4.9
1895	4.6
1896	4.6
1897	4.4
1898	4.5
1899	4.3
1900	4.3
1901	4.3
1902	4.0
1903	1.7
1904	0.7
1905	0.4
1906	0.1
1907	0.4
1908	0.5
1909	2.0
1910	2.0
1911	1.2
1912	1.1
1913	0.6
1914	0.6
1915	0.4
1916	0.1
1917	0.6
1918	-0.3
1919	-0.5
1920	-0.7
1921	-0.6
1922	-0.7
1923	-1.3
1924	-2.1
1925	-2.3
1926	-2.0
1927	-0.3
1928	-1.1
1929	0.2
1930	1.3
1931	2.0
1932	2.4
1933	3.1
1934	3.5
1935	3.5
1936	3.4
1937	3.1
1938	2.9
1939	2.7
1940	2.3
1941	2.0
1942	2.0
1943	1.8
1944	1.8
1945	1.8
1946	2.0
1947	1.6
1948	1.6
1949	1.6
1950	1.9
1951	2.3
1952	3.0
1953	4.3
1954	5.1
1955	4.6
1956	5.0
1957	4.8
1958	4.8
1959	5.0
1960	4.5
1961	4.4
1962	4.3
1963	4.1
1964	4.1
1965	4.1
1966	4.2
1967	4.0
1968	3.7
1969	3.7
1970	3.7
1971	3.5
1972	3.5
1973	3.6
1974	3.7
1975	3.9
1976	5.0
1977	8.0
1978	6.5
1979	6.7
1980	6.5
1981	6.8
1982	7.0
1983	6.3
1984	7.1
1985	6.5
1986	5.5
1987	5.3
1988	5.0
1989	4.5
1990	3.9
1991	3.1
1992	4.2
1993	2.6
1994	2.8
1995	3.1
1996	2.9
1997	3.1
1998	3.1
1999	3.2
2000	3.9
2001	4.1
2002	4.1
2003	4.0
2004	4.0
2005	4.0
2006	4.0
2007	3.5
2008	3.3
2009	2.6
2010	2.3
2011	2.0
2012	1.6
2013	1.6
2014	2.1
2015	2.0
2016	2.6
2017	3.1
2018	3.3
2019	3.5
2020	3.8
2021	4.0
2022	4.5
2023	5.1
2024	5.5
2025	5.7
2026	6.0
2027	6.0
2028	6.2
2029	6.3
2030	6.7
2031	6.1
2032	6.1
2033	5.8
2034	5.4
2035	5.7
2036	5.7
2037	5.9
2038	5.6
2039	5.5
2040	4.8
2041	5.0
2042	5.0
2043	5.0
2044	4.5
2045	4.6
2046	4.9
2047	4.5
2048	4.5
2049	5.1
2050	5.5
2051	5.9
2052	5.6
2053	6.2
2054	5.5
2055	5.9
2056	5.7
2057	5.4
2058	5.1
2059	5.4
2060	4.3
2061	4.3
2062	4.0
2063	4.0
2064	4.0
2065	4.0
2066	3.4
2067	3.3
2068	3.2
2069	2.8
2070	2.6
2071	3.1
2072	4.4
2073	6.1
2074	5.4
2075	5.9
2076	6.0
2077	5.5
2078	5.7
2079	5.7
2080	5.8
2081	6.2
2082	5.4
2083	4.8
2084	4.5
2085	4.4
2086	4.3
2087	4.0
2088	4.1
2089	4.5
2090	5.0
2091	4.9
2092	4.8
2093	4.9
2094	4.8
2095	4.3
2096	3.8
2097	3.9
2098	4.3
2099	5.0
2100	5.7
2101	5.4
2102	5.7
2103	6.5
2104	7.0
2105	7.0
2106	5.9
2107	6.0
2108	5.6
2109	5.6
2110	5.3
2111	5.1
2112	5.5
2113	5.5
2114	5.1
2115	4.9
2116	5.4
2117	5.4
2118	5.2
2119	5.2
2120	5.3
2121	4.3
2122	4.5
2123	4.5
2124	4.3
2125	3.1
2126	3.5
2127	4.7
2128	5.4
2129	5.7
2130	5.5
2131	5.4
2132	5.3
2133	4.9
2134	4.5
2135	4.8
2136	4.8
2137	4.5
2138	5.0
2139	4.6
2140	4.5
2141	3.8
2142	3.5
2143	3.5
2144	3.9
2145	4.2
2146	4.2
2147	2.7
2148	3.3
2149	3.5
2150	3.4
2151	4.0
2152	3.5
2153	3.5
2154	2.8
2155	2.7
2156	2.6
2157	2.5
2158	2.4
2159	2.4
2160	2.1
2161	2.1
2162	2.1
2163	2.3
2164	2.5
2165	2.4
2166	2.9
2167	3.8
2168	5.4
2169	6.0
2170	6.3
2171	6.8
2172	6.7
2173	6.2
2174	4.9
2175	6.2
2176	5.5
2177	5.5
2178	5.3
2179	4.8
2180	4.5
2181	4.0
2182	4.1
2183	3.5
2184	2.7
2185	2.3
2186	2.0
2187	1.6
2188	1.5
2189	1.5
2190	2.0
2191	3.1
2192	4.3
2193	4.9
2194	5.0
2195	5.9
2196	4.9
2197	4.4
2198	3.7
2199	3.8
2200	4.3
2201	4.0
2202	4.5
2203	4.0
2204	4.4
2205	4.3
2206	3.3
2207	2.7
2208	2.6
2209	2.4
2210	2.1
2211	2.0
2212	2.1
2213	2.0
2214	2.6
2215	3.7
2216	4.5
2217	7.5
2218	5.5
2219	7.3
2220	8.3
2221	7.3
2222	7.8
2223	6.5
2224	6.9
2225	6.5
2226	5.5
2227	5.1
2228	4.1
2229	3.8
2230	3.5
2231	3.2
2232	2.6
2233	2.5
2234	2.1
2235	2.3
2236	2.4
2237	1.6
2238	1.6
2239	2.3
2240	3.1
2241	3.5
2242	3.4
2243	4.0
2244	3.8
2245	4.1
2246	4.4
2247	4.2
2248	3.5
2249	4.1
2250	4.3
2251	4.1
2252	3.2
2253	3.1
2254	2.6
2255	2.6
2256	2.5
2257	2.1
2258	1.6
2259	1.7
2260	2.1
2261	2.3
2262	3.1
2263	4.1
2264	5.2
2265	5.7
2266	5.4
2267	5.5
2268	5.5
2269	4.8
2270	5.5
2271	4.4
2272	4.4
2273	4.5
2274	3.9
2275	3.4
2276	3.5
2277	3.1
2278	2.8
2279	3.1
2280	3.1
2281	3.4
2282	3.4
2283	3.8
2284	3.9
2285	3.9
2286	4.0
2287	3.9
2288	3.8
2289	4.0
2290	4.0
2291	4.3
2292	4.8
2293	5.1
2294	5.5
2295	8.1
2296	7.0
2297	6.3
2298	4.8
2299	5.1
2300	4.6
2301	4.5
2302	4.4
2303	4.1
2304	4.2
2305	4.0
2306	3.5
2307	3.5
2308	3.3
2309	3.5
2310	4.1
2311	5.5
2312	6.3
2313	8.0
2314	8.9
2315	9.5
2316	10.7
2317	11.7
2318	10.9
2319	10.0
2320	10.0
2321	9.6
2322	8.7
2323	7.9
2324	7.8
2325	7.1
2326	6.5
2327	6.8
2328	6.1
2329	5.5
2330	5.5
2331	5.4
2332	5.5
2333	6.2
2334	6.8
2335	7.8
2336	8.5
2337	8.6
2338	9.8
2339	8.7
2340	12.7
2341	9.8
2342	9.1
2343	11.2
2344	8.9
2345	8.3
2346	7.4
2347	6.7
2348	6.0
2349	6.0
2350	5.7
2351	5.4
2352	5.2
2353	4.5
2354	5.4
2355	5.5
2356	5.5
2357	6.0
2358	6.5
2359	6.5
2360	7.2
2361	7.3
2362	8.3
2363	9.3
2364	9.5
2365	8.8
2366	8.4
2367	8.4
2368	8.4
2369	8.5
2370	8.3
2371	10.3
2372	8.9
2373	8.2
2374	7.6
2375	6.5
2376	6.0
2377	5.7
2378	5.4
2379	5.0
2380	4.5
2381	4.3
2382	4.6
2383	5.4
2384	6.0
2385	7.0
2386	9.8
2387	8.5
2388	12.1
2389	12.7
2390	13.8
2391	13.2
2392	16.6
2393	11.1
2394	10.4
2395	8.9
2396	8.1
2397	7.3
2398	7.1
2399	7.7
2400	6.9
2401	6.3
2402	5.7
2403	5.3
2404	5.6
2405	5.4
2406	6.2
2407	7.0
2408	6.5
2409	7.6
2410	8.0
2411	8.3
2412	8.3
2413	10.0
2414	9.9
2415	8.7
2416	8.0
2417	7.7
2418	7.7
2419	8.3
2420	10.4
2421	9.0
2422	8.8
2423	8.5
2424	8.2
2425	7.8
2426	7.9
2427	7.0
2428	6.7
2429	6.5
2430	7.1
2431	7.8
2432	8.8
2433	9.2
2434	9.9
2435	10.0
2436	10.3
2437	10.7
2438	10.7
2439	10.3
2440	9.8
2441	9.5
2442	9.2
2443	8.0
2444	7.3
2445	6.5
2446	5.9
2447	5.7
2448	4.9
2449	4.3
2450	3.9
2451	3.9
2452	3.2
2453	3.2
2454	4.0
2455	5.7
2456	6.7
2457	7.2
2458	8.4
2459	8.8
2460	9.6
2461	10.3
2462	10.2
2463	10.7
2464	10.4
2465	10.1
2466	9.2
2467	7.4
2468	7.0
2469	6.2
2470	6.2
2471	5.5
2472	4.6
2473	4.2
2474	3.8
2475	3.3
2476	2.9
2477	3.5
2478	4.1
2479	4.7
2480	6.3
2481	6.2
2482	6.7
2483	5.7
2484	5.5
2485	4.2
2486	4.2
2487	5.3
2488	5.4
2489	5.7
2490	6.5
2491	7.3
2492	8.7
2493	9.0
2494	9.4
2495	8.8
2496	8.5
2497	8.3
2498	7.8
2499	7.4
2500	7.3
2501	7.4
2502	7.6
2503	7.9
2504	8.9
2505	8.2
2506	8.5
2507	8.4
2508	8.1
2509	7.8
2510	8.4
2511	9.5
2512	10.2
2513	10.0
2514	10.0
2515	9.9
2516	9.3
2517	8.2
2518	7.8
2519	7.1
2520	6.3
2521	6.0
2522	5.5
2523	5.0
2524	4.5
2525	5.3
2526	6.5
2527	7.9
2528	9.5
2529	8.4
2530	8.7
2531	11.2
2532	11.4
2533	9.2
2534	10.5
2535	6.1
2536	7.3
2537	7.1
2538	7.8
2539	7.3
2540	6.5
2541	5.8
2542	5.7
2543	5.4
2544	5.4
2545	4.7
2546	4.8
2547	4.8
2548	4.6
2549	5.0
2550	5.3
2551	5.4
2552	5.6
2553	5.7
2554	5.9
2555	4.8
2556	5.9
2557	6.4
2558	5.7
2559	6.0
2560	5.8
2561	6.3
2562	5.8
2563	5.3
2564	5.5
2565	4.9
2566	4.6
2567	5.3
2568	4.6
2569	4.2
2570	3.3
2571	3.1
2572	2.6
2573	2.9
2574	4.3
2575	5.6
2576	8.9
2577	8.0
2578	8.5
2579	8.7
2580	9.3
2581	9.8
2582	7.8
2583	7.7
2584	7.9
2585	8.8
2586	8.7
2587	9.3
2588	7.8
2589	7.4
2590	6.7
2591	6.8
2592	7.2
2593	6.7
2594	6.2
2595	6.0
2596	6.0
2597	6.0
2598	6.7
2599	7.8
2600	7.9
2601	8.0
2602	8.7
2603	10.6
2604	8.8
2605	10.7
2606	11.4
2607	12.6
2608	11.9
2609	11.4
2610	11.0
2611	9.9
2612	10.5
2613	9.8
2614	8.7
2615	9.6
2616	9.0
2617	9.4
2618	8.5
2619	7.4
2620	7.4
2621	7.9
2622	8.4
2623	8.5
2624	8.3
2625	9.2
2626	8.6
2627	9.8
2628	9.6
2629	9.0
2630	11.2
2631	11.1
2632	9.6
2633	7.9
2634	7.8
2635	8.1
2636	7.8
2637	7.4
2638	6.7
2639	6.5
2640	6.6
2641	7.9
2642	7.2
2643	7.9
2644	7.9
2645	6.5
2646	6.3
2647	6.5
2648	6.8
2649	7.0
2650	7.0
2651	7.0
2652	7.1
2653	7.3
2654	7.7
2655	7.9
2656	8.3
2657	8.1
2658	8.3
2659	7.1
2660	6.3
2661	6.6
2662	6.8
2663	6.0
2664	6.3
2665	6.3
2666	4.9
2667	3.9
2668	4.3
2669	5.5
2670	6.5
2671	6.7
2672	6.8
2673	7.9
2674	9.3
2675	9.9
2676	10.9
2677	11.2
2678	12.1
2679	11.7
2680	10.7
2681	10.4
2682	9.9
2683	9.8
2684	10.7
2685	11.4
2686	10.5
2687	9.6
2688	8.4
2689	8.4
2690	9.0
2691	8.7
2692	9.0
2693	10.3
2694	10.7
2695	11.8
2696	12.8
2697	13.1
2698	14.1
2699	15.3
2700	14.9
2701	15.3
2702	14.4
2703	14.0
2704	13.1
2705	12.5
2706	12.0
2707	11.1
2708	10.4
2709	9.9
2710	9.4
2711	8.8
2712	8.4
2713	8.5
2714	8.2
2715	8.7
2716	8.3
2717	8.3
2718	8.9
2719	9.9
2720	9.9
2721	11.9
2722	10.7
2723	11.7
2724	12.5
2725	13.0
2726	13.4
2727	13.5
2728	13.4
2729	12.9
2730	12.1
2731	11.3
2732	10.3
2733	9.8
2734	8.9
2735	8.5
2736	8.2
2737	8.0
2738	7.3
2739	7.2
2740	5.8
2741	6.0
2742	6.0
2743	6.8
2744	7.2
2745	8.4
2746	12.6
2747	11.0
2748	11.2
2749	11.2
2750	11.4
2751	11.8
2752	11.6
2753	11.7
2754	11.7
2755	11.2
2756	11.1
2757	11.1
2758	10.1
2759	9.9
2760	9.6
2761	8.9
2762	9.2
2763	9.3
2764	9.4
2765	9.2
2766	9.2
2767	11.2
2768	10.2
2769	12.1
2770	12.7
2771	11.4
2772	11.2
2773	11.0
2774	10.9
2775	10.6
2776	10.7
2777	10.4
2778	10.3
2779	10.3
2780	10.0
2781	9.9
2782	9.3
2783	8.4
2784	8.2
2785	7.2
2786	7.1
2787	7.4
2788	7.4
2789	7.2
2790	7.3
2791	6.9
2792	7.3
2793	7.4
2794	7.1
2795	7.2
2796	7.2
2797	7.9
2798	8.8
2799	9.3
2800	10.1
2801	9.5
2802	8.9
2803	8.8
2804	9.0
2805	8.9
2806	7.9
2807	7.4
2808	7.4
2809	6.9
2810	6.5
2811	6.3
2812	6.2
2813	6.0
2814	6.8
2815	7.6
2816	7.4
2817	8.2
2818	9.6
2819	10.7
2820	11.2
2821	10.7
2822	10.1
2823	10.0
2824	9.4
2825	8.5
2826	8.5
2827	8.0
2828	8.3
2829	8.8
2830	8.9
2831	8.5
2832	8.0
2833	7.2
2834	6.7
2835	6.0
2836	5.1
2837	5.7
2838	6.9
2839	8.7
2840	8.6
2841	8.9
2842	9.5
2843	9.6
2844	9.8
2845	10.2
2846	10.5
2847	11.5
2848	11.4
2849	11.2
2850	11.0
2851	9.6
2852	9.2
2853	8.7
2854	8.3
2855	7.8
2856	7.8
2857	7.7
2858	8.2
2859	7.4
2860	7.3
2861	8.2
2862	8.9
2863	9.8
2864	10.4
2865	10.4
2866	10.4
2867	10.1
2868	10.4
2869	10.3
2870	9.2
2871	9.9
2872	9.0
2873	8.9
2874	9.0
2875	8.3
2876	7.8
2877	7.9
2878	7.3
2879	7.0
2880	6.6
2881	5.9
2882	5.9
2883	5.8
2884	6.1
2885	7.0
2886	7.2
2887	6.8
2888	7.0
2889	7.0
2890	7.3
2891	7.4
2892	6.0
2893	4.9
2894	4.5
2895	5.0
2896	4.9
2897	5.4
2898	5.7
2899	5.5
2900	5.0
2901	5.0
2902	5.3
2903	5.5
2904	5.6
2905	5.5
2906	5.4
2907	5.5
2908	4.6
2909	4.9
2910	4.5
2911	5.3
2912	5.5
2913	5.9
2914	6.5
2915	7.5
2916	8.4
2917	9.2
2918	9.1
2919	9.8
2920	9.2
2921	9.3
2922	8.9
2923	8.5
2924	8.2
2925	7.4
2926	7.4
2927	7.3
2928	6.9
2929	6.2
2930	5.6
2931	5.5
2932	5.0
2933	7.5
2934	8.9
2935	7.3
2936	8.8
2937	10.6
2938	10.4
2939	10.4
2940	10.8
2941	10.4
2942	10.7
2943	10.8
2944	10.4
2945	9.3
2946	8.2
2947	6.8
2948	6.5
2949	6.7
2950	7.0
2951	6.8
2952	7.1
2953	7.4
2954	7.5
2955	8.0
2956	8.5
2957	8.4
2958	7.9
2959	7.8
2960	7.1
2961	7.6
2962	7.3
2963	7.0
2964	7.3
2965	7.9
2966	8.2
2967	8.3
2968	8.8
2969	9.0
2970	9.4
2971	9.9
2972	9.9
2973	10.0
2974	9.6
2975	9.6
2976	9.4
2977	9.3
2978	9.4
2979	9.3
2980	8.9
2981	9.0
2982	8.9
2983	9.5
2984	10.6
2985	10.7
2986	10.4
2987	10.6
2988	10.7
2989	11.0
2990	11.2
2991	11.7
2992	11.5
2993	10.1
2994	10.3
2995	10.9
2996	10.9
2997	10.0
2998	10.9
2999	10.4
3000	10.7
3001	10.8
3002	11.1
3003	12.8
3004	11.7
3005	11.2
3006	11.2
3007	10.9
3008	11.0
3009	11.4
3010	11.8
3011	11.7
3012	14.2
3013	12.8
3014	12.8
3015	13.1
3016	12.5
3017	12.2
3018	12.1
3019	11.8
3020	11.8
3021	11.0
3022	11.4
3023	12.1
3024	10.4
3025	11.1
3026	10.3
3027	8.9
3028	9.4
3029	10.4
3030	10.0
3031	10.6
3032	11.7
3033	11.7
3034	11.5
3035	11.7
3036	11.8
3037	11.8
3038	12.2
3039	11.8
3040	10.6
3041	11.1
3042	11.7
3043	11.2
3044	9.7
3045	9.0
3046	8.8
3047	8.2
3048	7.9
3049	7.9
3050	7.4
3051	7.4
3052	7.6
3053	7.8
3054	8.0
3055	8.8
3056	9.6
3057	9.9
3058	10.4
3059	11.0
3060	12.2
3061	12.3
3062	13.1
3063	13.2
3064	12.7
3065	12.2
3066	11.4
3067	10.6
3068	10.1
3069	9.5
3070	8.5
3071	7.9
3072	7.7
3073	7.4
3074	7.6
3075	7.3
3076	7.3
3077	7.1
3078	7.8
3079	8.4
3080	9.3
3081	9.6
3082	9.5
3083	9.9
3084	11.5
3085	10.7
3086	10.4
3087	9.8
3088	10.0
3089	9.4
3090	9.2
3091	8.2
3092	8.0
3093	8.3
3094	8.7
3095	8.6
3096	9.5
3097	9.0
3098	9.4
3099	9.6
3100	9.6
3101	9.5
3102	9.4
3103	9.8
3104	10.1
3105	10.3
3106	9.8
3107	9.9
3108	10.1
3109	11.0
3110	11.7
3111	13.2
3112	12.3
3113	11.2
3114	11.0
3115	10.9
3116	10.4
3117	9.6
3118	9.2
3119	8.6
3120	8.0
3121	7.5
3122	7.2
3123	7.1
3124	7.9
3125	7.5
3126	7.9
3127	8.7
3128	9.9
3129	10.9
3130	11.6
3131	12.3
3132	11.8
3133	11.7
3134	11.7
3135	11.5
3136	11.7
3137	11.4
3138	10.7
3139	9.9
3140	8.8
3141	9.3
3142	9.3
3143	9.5
3144	9.5
3145	11.4
3146	11.4
3147	11.4
3148	11.1
3149	11.4
3150	10.7
3151	11.4
3152	11.7
3153	11.2
3154	13.3
3155	12.5
3156	13.7
3157	13.0
3158	11.8
3159	12.5
3160	12.5
3161	11.8
3162	11.7
3163	12.1
3164	10.5
3165	9.8
3166	9.4
3167	9.2
3168	9.0
3169	8.9
3170	8.8
3171	8.7
3172	8.8
3173	8.9
3174	9.4
3175	10.4
3176	10.7
3177	11.1
3178	11.3
3179	11.9
3180	12.3
3181	12.1
3182	12.3
3183	11.8
3184	12.9
3185	10.9
3186	11.1
3187	10.5
3188	10.0
3189	9.6
3190	9.4
3191	8.8
3192	8.4
3193	8.3
3194	8.0
3195	7.8
3196	8.1
3197	9.0
3198	10.2
3199	11.0
3200	11.1
3201	11.2
3202	12.3
3203	13.6
3204	15.6
3205	12.8
3206	11.9
3207	12.7
3208	12.2
3209	10.9
3210	10.7
3211	9.8
3212	9.7
3213	9.6
3214	10.4
3215	9.9
3216	9.3
3217	8.4
3218	7.6
3219	7.2
3220	7.0
3221	7.3
3222	8.5
3223	9.9
3224	10.9
3225	12.1
3226	12.1
3227	12.8
3228	13.6
3229	13.6
3230	12.4
3231	11.7
3232	11.4
3233	11.0
3234	10.6
3235	9.5
3236	8.2
3237	7.6
3238	7.4
3239	9.5
3240	8.0
3241	6.8
3242	8.1
3243	8.3
3244	8.4
3245	7.7
3246	8.1
3247	8.8
3248	9.8
3249	10.4
3250	12.1
3251	12.7
3252	12.9
3253	11.4
3254	11.3
3255	11.8
3256	11.8
3257	12.9
3258	11.8
3259	11.1
3260	10.4
3261	9.3
3262	9.6
3263	9.4
3264	9.4
3265	9.4
3266	9.3
3267	9.2
3268	8.9
3269	9.0
3270	9.8
3271	10.3
3272	11.1
3273	11.4
3274	10.9
3275	11.9
3276	10.9
3277	10.9
3278	13.2
3279	11.1
3280	10.4
3281	10.1
3282	9.3
3283	9.3
3284	9.0
3285	8.4
3286	8.3
3287	8.1
3288	7.4
3289	7.4
3290	7.5
3291	7.2
3292	7.2
3293	7.3
3294	9.0
3295	10.1
3296	10.4
3297	11.1
3298	11.7
3299	12.7
3300	13.9
3301	12.4
3302	13.1
3303	12.1
3304	11.7
3305	9.6
3306	8.9
3307	8.8
3308	11.2
3309	10.2
3310	9.0
3311	8.3
3312	8.3
3313	8.4
3314	7.8
3315	7.4
3316	7.2
3317	8.1
3318	8.2
3319	8.2
3320	8.4
3321	8.8
3322	8.9
3323	9.2
3324	9.8
3325	10.0
3326	11.0
3327	11.7
3328	11.8
3329	12.6
3330	12.4
3331	11.5
3332	11.1
3333	10.4
3334	9.3
3335	9.1
3336	10.0
3337	9.8
3338	9.7
3339	9.5
3340	9.0
3341	9.2
3342	9.4
3343	10.0
3344	10.4
3345	11.6
3346	12.1
3347	12.8
3348	13.6
3349	13.8
3350	12.9
3351	11.8
3352	11.4
3353	11.1
3354	11.4
3355	11.2
3356	10.3
3357	10.0
3358	9.4
3359	7.8
3360	8.1
3361	7.9
3362	9.2
3363	8.4
3364	9.4
3365	10.1
3366	9.4
3367	11.5
3368	12.1
3369	12.7
3370	12.6
3371	12.8
3372	12.9
3373	13.6
3374	12.5
3375	13.6
3376	13.1
3377	12.9
3378	12.8
3379	12.6
3380	12.1
3381	11.5
3382	11.4
3383	10.6
3384	10.3
3385	9.9
3386	9.5
3387	9.3
3388	9.4
3389	9.3
3390	9.7
3391	10.3
3392	11.2
3393	12.1
3394	12.3
3395	12.1
3396	12.1
3397	11.8
3398	12.1
3399	12.1
3400	12.3
3401	12.2
3402	12.1
3403	11.8
3404	11.4
3405	11.1
3406	10.9
3407	11.3
3408	11.2
3409	11.4
3410	11.9
3411	11.7
3412	10.8
3413	10.3
3414	10.4
3415	10.4
3416	10.6
3417	12.6
3418	13.4
3419	15.5
3420	15.6
3421	15.9
3422	16.0
3423	16.7
3424	15.6
3425	16.5
3426	16.2
3427	14.4
3428	13.8
3429	12.8
3430	11.9
3431	11.0
3432	10.3
3433	9.3
3434	8.9
3435	8.7
3436	8.4
3437	8.6
3438	8.7
3439	10.1
3440	10.4
3441	11.3
3442	11.8
3443	12.3
3444	13.1
3445	12.8
3446	13.1
3447	13.5
3448	13.6
3449	13.4
3450	13.3
3451	13.1
3452	12.8
3453	12.2
3454	11.5
3455	11.4
3456	10.8
3457	10.4
3458	9.7
3459	9.6
3460	9.6
3461	9.8
3462	9.9
3463	10.9
3464	12.6
3465	13.3
3466	13.9
3467	14.8
3468	13.8
3469	15.7
3470	16.0
3471	15.1
3472	13.8
3473	13.8
3474	13.1
3475	12.8
3476	12.3
3477	12.2
3478	11.8
3479	11.6
3480	11.7
3481	11.3
3482	10.9
3483	10.1
3484	10.6
3485	10.7
3486	11.8
3487	12.7
3488	13.6
3489	12.8
3490	12.6
3491	12.7
3492	13.1
3493	14.2
3494	13.5
3495	13.3
3496	12.9
3497	13.1
3498	13.1
3499	11.9
3500	11.1
3501	11.8
3502	11.4
3503	10.6
3504	9.5
3505	9.0
3506	8.6
3507	8.5
3508	8.9
3509	10.6
3510	11.0
3511	12.4
3512	12.5
3513	12.9
3514	13.4
3515	13.7
3516	14.8
3517	16.7
3518	17.1
3519	15.9
3520	16.7
3521	15.8
3522	16.0
3523	14.7
3524	13.5
3525	12.7
3526	11.7
3527	10.7
3528	9.9
3529	9.5
3530	8.9
3531	8.8
3532	9.0
3533	9.0
3534	10.3
3535	10.4
3536	11.2
3537	11.8
3538	11.8
3539	12.1
3540	13.1
3541	11.9
3542	12.6
3543	13.1
3544	13.7
3545	13.2
3546	12.9
3547	12.4
3548	11.5
3549	11.6
3550	11.7
3551	11.3
3552	11.1
3553	10.1
3554	9.3
3555	9.2
3556	8.5
3557	8.6
3558	9.6
3559	10.7
3560	11.4
3561	11.8
3562	11.8
3563	11.7
3564	11.7
3565	12.1
3566	12.3
3567	12.1
3568	11.8
3569	11.7
3570	11.7
3571	10.7
3572	9.9
3573	8.9
3574	8.7
3575	8.7
3576	8.8
3577	8.6
3578	9.7
3579	10.4
3580	10.9
3581	11.4
3582	11.5
3583	11.4
3584	11.8
3585	11.6
3586	10.9
3587	10.2
3588	11.0
3589	11.5
3590	11.5
3591	11.7
3592	11.2
3593	10.6
3594	11.3
3595	11.4
3596	11.2
3597	10.6
3598	10.2
3599	10.0
3600	10.1
3601	9.5
3602	9.1
3603	8.4
3604	8.5
3605	9.0
3606	8.9
3607	10.0
3608	10.9
3609	11.2
3610	11.8
3611	12.9
3612	12.7
3613	11.9
3614	11.1
3615	11.4
3616	11.9
3617	12.8
3618	12.0
3619	12.0
3620	11.7
3621	11.8
3622	11.5
3623	11.1
3624	11.5
3625	12.4
3626	14.3
3627	13.8
3628	13.8
3629	12.0
3630	11.4
3631	12.2
3632	12.8
3633	13.1
3634	13.9
3635	14.2
3636	14.6
3637	15.2
3638	15.3
3639	15.5
3640	13.5
3641	13.6
3642	13.4
3643	13.1
3644	12.7
3645	12.2
3646	11.7
3647	11.2
3648	11.0
3649	8.9
3650	9.2
3651	9.2
3652	10.1
3653	10.6
3654	11.2
3655	11.7
3656	12.1
3657	12.1
3658	12.8
3659	12.4
3660	12.1
3661	12.8
3662	12.3
3663	12.2
3664	12.9
3665	12.6
3666	12.8
3667	12.9
3668	13.9
3669	13.7
3670	14.3
3671	13.8
3672	14.3
3673	14.4
3674	14.2
3675	13.8
3676	13.8
3677	14.7
3678	14.6
3679	15.2
3680	15.3
3681	15.4
3682	15.6
3683	14.8
3684	14.3
3685	15.2
3686	15.3
3687	13.2
3688	15.1
3689	14.7
3690	14.5
3691	13.7
3692	13.1
3693	12.4
3694	12.2
3695	11.7
3696	11.3
3697	10.9
3698	10.7
3699	10.3
3700	10.4
3701	10.9
3702	11.8
3703	13.1
3704	13.2
3705	13.5
3706	15.1
3707	15.3
3708	16.3
3709	15.8
3710	16.3
3711	17.2
3712	17.5
3713	17.3
3714	16.7
3715	15.6
3716	14.3
3717	13.6
3718	12.8
3719	12.2
3720	11.6
3721	10.9
3722	10.4
3723	10.1
3724	10.3
3725	11.1
3726	11.8
3727	12.7
3728	12.8
3729	13.5
3730	14.3
3731	14.7
3732	14.7
3733	14.7
3734	15.2
3735	15.1
3736	15.1
3737	14.9
3738	15.0
3739	14.2
3740	12.8
3741	12.0
3742	11.1
3743	11.6
3744	11.3
3745	11.2
3746	11.2
3747	11.2
3748	11.9
3749	13.2
3750	15.6
3751	14.0
3752	16.7
3753	16.4
3754	16.3
3755	17.0
3756	16.7
3757	16.4
3758	17.7
3759	17.4
3760	17.0
3761	16.0
3762	20.0
3763	19.4
3764	17.5
3765	16.2
3766	15.1
3767	14.2
3768	13.8
3769	12.9
3770	12.1
3771	11.6
3772	11.1
3773	11.2
3774	12.1
3775	12.8
3776	14.2
3777	15.1
3778	15.1
3779	15.0
3780	15.3
3781	16.8
3782	17.0
3783	16.0
3784	15.9
3785	15.9
3786	15.9
3787	15.3
3788	14.6
3789	14.0
3790	13.1
3791	12.5
3792	11.8
3793	11.4
3794	10.6
3795	10.4
3796	9.9
3797	10.1
3798	11.1
3799	13.7
3800	13.8
3801	15.3
3802	14.8
3803	16.0
3804	16.0
3805	15.8
3806	15.8
3807	16.1
3808	16.7
3809	16.7
3810	16.0
3811	14.0
3812	12.7
3813	12.0
3814	11.1
3815	10.7
3816	10.4
3817	9.9
3818	9.5
3819	10.2
3820	10.7
3821	12.2
3822	13.3
3823	13.6
3824	14.7
3825	14.8
3826	14.5
3827	15.0
3828	14.8
3829	15.0
3830	15.1
3831	15.0
3832	13.3
3833	13.1
3834	13.1
3835	13.2
3836	13.3
3837	13.3
3838	12.8
3839	11.7
3840	11.2
3841	11.1
3842	11.2
3843	11.3
3844	10.7
3845	10.5
3846	12.2
3847	13.2
3848	14.5
3849	15.1
3850	15.3
3851	15.8
3852	15.3
3853	15.5
3854	15.5
3855	15.3
3856	15.5
3857	15.3
3858	18.1
3859	17.6
3860	16.2
3861	15.3
3862	14.7
3863	13.7
3864	13.1
3865	12.6
3866	11.7
3867	11.3
3868	11.7
3869	12.5
3870	14.3
3871	16.1
3872	15.3
3873	15.6
3874	17.5
3875	18.3
3876	19.7
3877	18.5
3878	17.9
3879	18.6
3880	17.8
3881	17.3
3882	17.1
3883	18.9
3884	18.9
3885	17.7
3886	16.7
3887	15.8
3888	15.3
3889	14.5
3890	13.8
3891	13.4
3892	13.1
3893	12.9
3894	13.1
3895	13.8
3896	14.7
3897	15.5
3898	16.7
3899	17.1
3900	17.5
3901	17.7
3902	17.9
3903	17.7
3904	17.3
3905	18.2
3906	18.0
3907	15.8
3908	15.4
3909	15.3
3910	14.6
3911	13.1
3912	12.6
3913	12.7
3914	13.3
3915	13.6
3916	13.8
3917	14.0
3918	14.7
3919	15.3
3920	16.2
3921	17.5
3922	17.6
3923	18.2
3924	18.6
3925	18.9
3926	19.2
3927	20.1
3928	19.8
3929	19.2
3930	18.8
3931	18.2
3932	17.8
3933	16.9
3934	16.7
3935	17.2
3936	14.8
3937	14.6
3938	14.8
3939	15.5
3940	15.3
3941	15.4
3942	15.7
3943	15.8
3944	16.3
3945	16.2
3946	16.8
3947	17.5
3948	19.4
3949	19.0
3950	19.2
3951	19.6
3952	18.9
3953	17.6
3954	16.7
3955	15.9
3956	14.0
3957	13.2
3958	12.4
3959	11.8
3960	11.1
3961	10.3
3962	9.9
3963	9.6
3964	9.9
3965	11.4
3966	12.6
3967	13.8
3968	14.7
3969	15.8
3970	15.6
3971	16.4
3972	14.7
3973	14.8
3974	16.1
3975	16.0
3976	15.8
3977	15.8
3978	16.0
3979	15.8
3980	15.8
3981	14.2
3982	12.9
3983	12.1
3984	11.1
3985	10.7
3986	9.9
3987	9.9
3988	10.3
3989	11.7
3990	12.5
3991	13.3
3992	14.8
3993	13.3
3994	14.0
3995	13.8
3996	14.8
3997	15.1
3998	14.8
3999	14.8
4000	15.3
4001	15.2
4002	15.5
4003	16.5
4004	15.8
4005	15.5
4006	15.4
4007	14.5
4008	13.7
4009	12.7
4010	12.1
4011	12.1
4012	12.3
4013	13.1
4014	13.7
4015	13.2
4016	13.9
4017	14.5
4018	15.6
4019	15.9
4020	15.5
4021	15.0
4022	15.3
4023	14.8
4024	15.0
4025	14.3
4026	12.4
4027	12.1
4028	12.4
4029	12.2
4030	12.3
4031	12.8
4032	13.3
4033	13.2
4034	13.3
4035	13.3
4036	13.6
4037	13.7
4038	13.8
4039	13.2
4040	13.7
4041	14.3
4042	15.0
4043	15.5
4044	15.5
4045	14.7
4046	15.0
4047	15.2
4048	13.1
4049	13.4
4050	14.2
4051	13.9
4052	13.4
4053	12.8
4054	12.3
4055	11.7
4056	11.6
4057	11.4
4058	11.4
4059	11.4
4060	11.1
4061	11.7
4062	12.2
4063	12.3
4064	12.8
4065	12.6
4066	12.9
4067	13.1
4068	12.7
4069	14.7
4070	13.7
4071	14.0
4072	13.8
4073	13.4
4074	13.6
4075	13.5
4076	13.6
4077	13.6
4078	13.1
4079	12.8
4080	12.4
4081	12.5
4082	12.1
4083	12.1
4084	12.1
4085	12.4
4086	12.6
4087	13.2
4088	13.8
4089	14.2
4090	13.8
4091	13.8
4092	14.7
4093	13.9
4094	15.4
4095	15.4
4096	14.7
4097	14.6
4098	14.7
4099	14.8
4100	13.1
4101	12.0
4102	12.7
4103	12.5
4104	12.8
4105	13.1
4106	13.2
4107	12.5
4108	12.3
4109	13.2
4110	14.7
4111	15.2
4112	14.2
4113	15.0
4114	15.8
4115	15.0
4116	15.6
4117	16.1
4118	15.0
4119	14.3
4120	13.8
4121	14.6
4122	13.8
4123	13.8
4124	14.0
4125	13.1
4126	12.1
4127	11.9
4128	12.7
4129	12.5
4130	12.3
4131	12.6
4132	12.6
4133	12.4
4134	12.7
4135	13.1
4136	13.8
4137	14.3
4138	14.8
4139	15.6
4140	15.6
4141	16.2
4142	15.4
4143	15.6
4144	14.8
4145	13.8
4146	13.8
4147	13.5
4148	13.6
4149	13.4
4150	13.2
4151	13.1
4152	13.5
4153	12.8
4154	12.4
4155	12.2
4156	11.7
4157	11.4
4158	12.1
4159	12.7
4160	12.7
4161	13.2
4162	13.3
4163	13.8
4164	14.1
4165	15.1
4166	15.3
4167	15.8
4168	14.8
4169	14.8
4170	14.0
4171	13.2
4172	13.6
4173	13.3
4174	13.2
4175	13.2
4176	13.2
4177	12.8
4178	12.7
4179	12.6
4180	13.1
4181	13.7
4182	14.8
4183	15.7
4184	14.3
4185	15.0
4186	14.2
4187	14.0
4188	14.2
4189	14.4
4190	14.7
4191	14.3
4192	14.1
4193	13.8
4194	13.7
4195	13.3
4196	13.1
4197	12.8
4198	12.6
4199	12.6
4200	12.5
4201	12.5
4202	12.1
4203	12.4
4204	12.1
4205	11.8
4206	11.7
4207	12.5
4208	12.7
4209	13.1
4210	13.7
4211	14.3
4212	15.1
4213	16.2
4214	16.6
4215	16.5
4216	16.2
4217	15.9
4218	16.2
4219	15.0
4220	14.3
4221	13.6
4222	13.1
4223	12.5
4224	11.8
4225	11.7
4226	11.6
4227	11.0
4228	10.4
4229	10.8
4230	11.8
4231	13.5
4232	14.2
4233	15.5
4234	16.2
4235	17.6
4236	18.6
4237	18.8
4238	17.5
4239	18.2
4240	18.6
4241	18.9
4242	18.7
4243	17.7
4244	17.3
4245	17.1
4246	16.3
4247	15.3
4248	14.3
4249	13.6
4250	13.3
4251	12.6
4252	13.2
4253	14.0
4254	14.7
4255	14.3
4256	14.9
4257	15.3
4258	16.1
4259	16.1
4260	16.8
4261	16.7
4262	17.2
4263	17.1
4264	17.2
4265	16.8
4266	17.0
4267	17.2
4268	16.9
4269	16.5
4270	16.2
4271	16.3
4272	16.0
4273	15.4
4274	15.0
4275	15.3
4276	15.5
4277	16.0
4278	15.5
4279	17.6
4280	16.4
4281	17.3
4282	17.5
4283	17.3
4284	17.5
4285	17.7
4286	17.6
4287	17.3
4288	17.5
4289	18.0
4290	18.4
4291	17.9
4292	17.1
4293	17.7
4294	16.5
4295	15.3
4296	14.5
4297	14.5
4298	14.2
4299	13.7
4300	14.1
4301	14.2
4302	14.7
4303	15.3
4304	15.4
4305	16.5
4306	17.0
4307	17.1
4308	17.1
4309	17.2
4310	17.1
4311	17.3
4312	18.7
4313	18.4
4314	17.3
4315	17.4
4316	17.0
4317	16.7
4318	16.6
4319	16.1
4320	16.0
4321	16.1
4322	15.7
4323	15.6
4324	15.3
4325	15.3
4326	15.4
4327	15.4
4328	16.8
4329	19.9
4330	18.9
4331	21.6
4332	20.6
4333	22.2
4334	22.3
4335	23.4
4336	21.7
4337	21.6
4338	20.9
4339	18.9
4340	17.7
4341	16.3
4342	16.5
4343	15.4
4344	15.3
4345	14.8
4346	14.7
4347	15.0
4348	16.7
4349	16.2
4350	17.8
4351	17.5
4352	18.0
4353	20.6
4354	18.6
4355	18.3
4356	18.2
4357	17.6
4358	17.7
4359	18.1
4360	18.6
4361	18.6
4362	19.5
4363	19.0
4364	17.9
4365	17.6
4366	17.3
4367	17.7
4368	17.3
4369	16.9
4370	16.5
4371	16.1
4372	16.5
4373	16.5
4374	16.7
4375	17.5
4376	18.6
4377	18.9
4378	19.5
4379	19.7
4380	19.5
4381	19.5
4382	19.5
4383	19.4
4384	19.3
4385	19.0
4386	18.4
4387	18.6
4388	18.9
4389	17.7
4390	17.2
4391	16.1
4392	15.7
4393	15.8
4394	15.3
4395	16.2
4396	16.6
4397	17.8
4398	19.2
4399	18.3
4400	18.6
4401	19.0
4402	19.5
4403	19.2
4404	19.2
4405	19.2
4406	19.4
4407	20.2
4408	21.3
4409	21.1
4410	20.6
4411	21.6
4412	19.7
4413	19.2
4414	19.0
4415	19.0
4416	17.2
4417	17.2
4418	16.1
4419	16.4
4420	16.8
4421	18.7
4422	19.3
4423	19.7
4424	20.5
4425	20.6
4426	22.7
4427	23.4
4428	23.6
4429	21.5
4430	21.3
4431	21.0
4432	21.2
4433	23.0
4434	21.2
4435	20.6
4436	21.4
4437	21.1
4438	20.6
4439	20.1
4440	20.1
4441	20.4
4442	20.5
4443	20.1
4444	20.6
4445	19.6
4446	20.2
4447	20.0
4448	20.6
4449	21.7
4450	25.1
4451	27.8
4452	27.4
4453	27.1
4454	25.8
4455	26.6
4456	25.2
4457	24.9
4458	24.5
4459	23.9
4460	22.3
4461	21.0
4462	20.6
4463	20.5
4464	20.9
4465	21.0
4466	19.5
4467	20.1
4468	19.9
4469	20.5
4470	20.6
4471	20.5
4472	20.0
4473	20.2
4474	19.7
4475	20.0
4476	20.1
4477	22.1
4478	21.5
4479	20.0
4480	19.9
4481	19.5
4482	19.2
4483	18.7
4484	17.9
4485	17.6
4486	17.3
4487	16.7
4488	16.1
4489	16.0
4490	15.8
4491	15.6
4492	15.5
4493	15.4
4494	16.2
4495	17.2
4496	17.9
4497	18.2
4498	18.8
4499	19.4
4500	20.0
4501	20.5
4502	21.0
4503	20.7
4504	20.5
4505	20.5
4506	20.1
4507	19.0
4508	17.5
4509	17.3
4510	16.5
4511	16.3
4512	16.1
4513	15.8
4514	15.6
4515	14.8
4516	15.3
4517	15.3
4518	15.9
4519	17.4
4520	17.6
4521	17.2
4522	19.1
4523	20.0
4524	20.1
4525	20.2
4526	20.0
4527	19.5
4528	19.4
4529	17.0
4530	17.6
4531	17.3
4532	17.2
4533	17.0
4534	16.5
4535	16.4
4536	16.2
4537	16.0
4538	16.0
4539	15.8
4540	14.5
4541	14.2
4542	13.8
4543	14.3
4544	14.7
4545	15.1
4546	15.3
4547	15.8
4548	15.8
4549	15.8
4550	15.1
4551	14.5
4552	14.2
4553	13.7
4554	14.7
4555	14.2
4556	14.2
4557	14.0
4558	14.8
4559	14.9
4560	14.5
4561	14.3
4562	14.2
4563	13.5
4564	13.5
4565	13.4
4566	13.3
4567	13.7
4568	14.4
4569	14.0
4570	15.3
4571	15.3
4572	15.3
4573	15.1
4574	15.6
4575	16.0
4576	16.1
4577	16.0
4578	16.0
4579	15.6
4580	15.4
4581	15.5
4582	15.0
4583	14.6
4584	13.8
4585	13.4
4586	12.7
4587	12.3
4588	12.8
4589	13.3
4590	14.0
4591	15.6
4592	16.5
4593	17.0
4594	17.7
4595	17.9
4596	17.7
4597	17.6
4598	18.9
4599	17.5
4600	17.6
4601	17.6
4602	17.7
4603	17.5
4604	17.2
4605	17.0
4606	16.6
4607	16.1
4608	17.2
4609	17.2
4610	16.6
4611	16.1
4612	16.1
4613	16.5
4614	16.1
4615	16.3
4616	17.1
4617	17.2
4618	17.1
4619	19.2
4620	18.9
4621	20.4
4622	19.0
4623	18.4
4624	19.5
4625	19.0
4626	18.2
4627	17.6
4628	17.5
4629	17.2
4630	16.0
4631	15.8
4632	16.2
4633	16.0
4634	15.5
4635	15.6
4636	15.9
4637	15.6
4638	16.0
4639	17.2
4640	18.3
4641	19.7
4642	20.3
4643	18.6
4644	15.3
4645	16.7
4646	16.1
4647	17.0
4648	17.5
4649	17.6
4650	17.2
4651	17.2
4652	15.9
4653	15.6
4654	15.3
4655	15.9
4656	15.8
4657	15.7
4658	15.5
4659	15.3
4660	15.1
4661	15.2
4662	14.3
4663	14.2
4664	14.2
4665	15.1
4666	16.3
4667	17.9
4668	18.7
4669	17.8
4670	17.9
4671	17.0
4672	17.0
4673	18.2
4674	17.5
4675	17.2
4676	17.0
4677	17.0
4678	15.7
4679	15.0
4680	14.8
4681	14.7
4682	14.0
4683	13.3
4684	13.5
4685	14.2
4686	15.1
4687	16.6
4688	16.5
4689	17.0
4690	18.1
4691	19.0
4692	18.0
4693	18.1
4694	19.2
4695	20.6
4696	19.7
4697	19.2
4698	19.7
4699	18.2
4700	17.3
4701	16.1
4702	15.5
4703	14.5
4704	14.0
4705	13.6
4706	13.2
4707	12.3
4708	12.3
4709	12.5
4710	13.7
4711	15.6
4712	16.7
4713	17.5
4714	17.8
4715	21.1
4716	20.3
4717	20.2
4718	21.0
4719	21.6
4720	20.6
4721	19.9
4722	19.8
4723	18.8
4724	17.7
4725	16.6
4726	15.5
4727	14.6
4728	13.8
4729	13.4
4730	12.9
4731	12.5
4732	12.9
4733	13.3
4734	14.4
4735	15.7
4736	16.3
4737	16.7
4738	17.6
4739	20.1
4740	18.8
4741	19.2
4742	18.7
4743	18.9
4744	19.1
4745	18.6
4746	18.4
4747	16.7
4748	15.3
4749	15.3
4750	15.0
4751	14.8
4752	15.1
4753	15.3
4754	15.3
4755	15.2
4756	15.3
4757	15.6
4758	16.7
4759	15.8
4760	15.9
4761	16.1
4762	16.7
4763	17.2
4764	17.6
4765	18.6
4766	19.7
4767	19.5
4768	22.0
4769	21.2
4770	20.7
4771	19.7
4772	19.2
4773	17.9
4774	17.1
4775	16.3
4776	15.8
4777	14.8
4778	14.3
4779	13.8
4780	13.3
4781	13.2
4782	14.0
4783	14.7
4784	15.8
4785	16.8
4786	17.6
4787	17.7
4788	17.0
4789	16.7
4790	16.6
4791	16.4
4792	16.2
4793	16.1
4794	15.8
4795	15.1
4796	15.0
4797	14.6
4798	14.2
4799	14.3
4800	14.4
4801	14.6
4802	14.5
4803	14.2
4804	14.0
4805	14.1
4806	14.3
4807	15.2
4808	16.7
4809	16.8
4810	15.6
4811	16.8
4812	19.7
4813	18.9
4814	19.3
4815	20.9
4816	20.5
4817	19.2
4818	18.8
4819	19.0
4820	18.0
4821	17.2
4822	16.2
4823	15.3
4824	14.7
4825	14.0
4826	13.7
4827	14.0
4828	14.3
4829	14.3
4830	15.3
4831	16.2
4832	16.5
4833	16.7
4834	16.7
4835	16.1
4836	16.8
4837	17.6
4838	16.3
4839	16.1
4840	16.2
4841	17.4
4842	19.7
4843	19.4
4844	18.4
4845	17.5
4846	17.2
4847	16.6
4848	16.3
4849	15.6
4850	15.3
4851	14.9
4852	15.0
4853	15.6
4854	15.8
4855	16.2
4856	17.1
4857	17.9
4858	18.4
4859	18.6
4860	18.5
4861	19.9
4862	19.9
4863	19.3
4864	18.8
4865	19.2
4866	18.8
4867	18.4
4868	18.4
4869	18.1
4870	17.8
4871	16.7
4872	16.6
4873	17.0
4874	16.6
4875	16.5
4876	16.7
4877	16.6
4878	17.2
4879	17.6
4880	18.1
4881	19.2
4882	18.7
4883	18.7
4884	18.8
4885	19.0
4886	19.6
4887	19.4
4888	19.3
4889	19.0
4890	18.2
4891	17.2
4892	16.7
4893	16.3
4894	15.5
4895	15.0
4896	14.3
4897	13.9
4898	13.4
4899	13.3
4900	13.2
4901	13.8
4902	14.4
4903	15.6
4904	16.5
4905	17.5
4906	19.1
4907	17.8
4908	18.1
4909	18.3
4910	17.8
4911	17.0
4912	17.5
4913	16.5
4914	17.1
4915	17.0
4916	15.5
4917	15.6
4918	15.8
4919	15.3
4920	13.6
4921	13.2
4922	12.6
4923	12.7
4924	12.8
4925	13.6
4926	15.8
4927	17.2
4928	17.2
4929	16.1
4930	15.3
4931	14.3
4932	15.3
4933	16.3
4934	16.7
4935	17.1
4936	17.6
4937	18.9
4938	18.1
4939	18.5
4940	18.1
4941	17.5
4942	17.6
4943	17.5
4944	17.1
4945	16.8
4946	16.5
4947	16.2
4948	15.0
4949	16.1
4950	14.2
4951	15.2
4952	15.6
4953	15.3
4954	16.9
4955	16.5
4956	16.1
4957	16.3
4958	16.6
4959	16.3
4960	16.3
4961	16.2
4962	16.1
4963	15.8
4964	15.5
4965	15.0
4966	14.1
4967	13.7
4968	13.7
4969	13.2
4970	13.3
4971	13.1
4972	12.8
4973	13.4
4974	13.8
4975	14.3
4976	14.7
4977	15.1
4978	15.5
4979	16.1
4980	16.5
4981	16.5
4982	16.2
4983	15.9
4984	15.9
4985	15.4
4986	15.1
4987	15.0
4988	15.5
4989	15.3
4990	15.0
4991	14.1
4992	13.9
4993	14.3
4994	14.4
4995	14.5
4996	14.7
4997	14.9
4998	15.3
4999	15.5
5000	15.6
5001	16.2
5002	16.6
5003	16.0
5004	15.8
5005	16.6
5006	16.7
5007	17.1
5008	16.7
5009	16.6
5010	16.2
5011	15.6
5012	15.2
5013	14.9
5014	15.3
5015	15.8
5016	15.7
5017	15.9
5018	15.6
5019	15.3
5020	15.0
5021	15.1
5022	15.3
5023	15.3
5024	15.7
5025	15.8
5026	15.8
5027	16.6
5028	16.5
5029	16.7
5030	16.5
5031	16.6
5032	15.9
5033	16.4
5034	15.6
5035	15.4
5036	15.3
5037	15.0
5038	14.3
5039	13.8
5040	13.3
5041	13.2
5042	13.1
5043	12.8
5044	12.9
5045	12.8
5046	13.3
5047	13.8
5048	14.2
5049	14.8
5050	15.4
5051	15.1
5052	15.3
5053	16.0
5054	16.2
5055	15.0
5056	15.6
5057	16.1
5058	16.1
5059	16.2
5060	16.2
5061	16.1
5062	15.3
5063	15.3
5064	15.5
5065	15.0
5066	15.1
5067	14.8
5068	14.9
5069	15.6
5070	16.7
5071	17.5
5072	16.9
5073	17.7
5074	17.6
5075	17.3
5076	16.7
5077	17.1
5078	17.1
5079	17.5
5080	17.7
5081	17.2
5082	16.8
5083	16.3
5084	15.5
5085	14.9
5086	14.0
5087	13.7
5088	13.5
5089	13.2
5090	13.1
5091	12.7
5092	12.7
5093	12.6
5094	13.4
5095	14.3
5096	15.4
5097	15.8
5098	15.8
5099	16.3
5100	16.2
5101	16.4
5102	16.1
5103	16.2
5104	16.5
5105	17.1
5106	16.7
5107	16.1
5108	15.8
5109	15.3
5110	14.9
5111	14.3
5112	14.2
5113	14.3
5114	12.8
5115	13.1
5116	13.3
5117	13.9
5118	14.3
5119	14.0
5120	14.7
5121	15.1
5122	16.5
5123	17.4
5124	18.4
5125	18.7
5126	18.6
5127	18.6
5128	18.6
5129	19.4
5130	18.9
5131	17.8
5132	17.0
5133	17.2
5134	17.1
5135	16.7
5136	16.6
5137	16.1
5138	15.8
5139	15.0
5140	15.4
5141	15.8
5142	15.6
5143	16.1
5144	17.2
5145	17.6
5146	17.8
5147	18.6
5148	19.5
5149	19.2
5150	19.2
5151	19.2
5152	18.8
5153	18.5
5154	17.9
5155	16.7
5156	15.5
5157	15.3
5158	14.5
5159	14.3
5160	14.6
5161	14.2
5162	14.3
5163	14.3
5164	14.8
5165	15.6
5166	17.0
5167	19.0
5168	19.5
5169	20.4
5170	20.6
5171	21.0
5172	20.8
5173	20.7
5174	21.1
5175	20.6
5176	19.8
5177	19.2
5178	18.3
5179	17.3
5180	17.1
5181	17.5
5182	18.2
5183	19.0
5184	20.4
5185	20.6
5186	20.1
5187	16.6
5188	17.0
5189	17.2
5190	17.9
5191	18.1
5192	19.5
5193	18.9
5194	19.2
5195	21.5
5196	22.0
5197	21.3
5198	22.6
5199	23.4
5200	20.5
5201	20.4
5202	20.6
5203	19.7
5204	19.2
5205	19.5
5206	18.8
5207	17.9
5208	17.2
5209	16.6
5210	16.1
5211	15.2
5212	15.6
5213	15.8
5214	16.6
5215	17.4
5216	18.1
5217	18.4
5218	19.5
5219	20.1
5220	20.1
5221	23.0
5222	22.1
5223	19.9
5224	19.3
5225	19.2
5226	20.4
5227	19.0
5228	17.8
5229	16.7
5230	17.0
5231	16.5
5232	15.5
5233	14.5
5234	14.3
5235	14.0
5236	15.3
5237	16.7
5238	18.4
5239	19.6
5240	20.7
5241	21.9
5242	22.6
5243	23.1
5244	21.9
5245	22.1
5246	22.8
5247	20.5
5248	20.6
5249	23.0
5250	20.5
5251	20.1
5252	19.9
5253	20.5
5254	19.9
5255	19.5
5256	19.6
5257	19.4
5258	19.3
5259	19.5
5260	18.9
5261	19.0
5262	18.7
5263	18.9
5264	19.7
5265	19.5
5266	19.5
5267	19.8
5268	21.6
5269	22.6
5270	20.6
5271	21.4
5272	22.1
5273	21.0
5274	20.0
5275	20.8
5276	20.0
5277	20.5
5278	19.5
5279	19.0
5280	18.2
5281	17.7
5282	17.3
5283	16.7
5284	16.2
5285	15.8
5286	15.3
5287	15.3
5288	16.2
5289	18.6
5290	18.3
5291	20.1
5292	20.5
5293	19.2
5294	19.9
5295	20.4
5296	20.8
5297	20.7
5298	22.3
5299	20.8
5300	19.2
5301	18.1
5302	17.5
5303	17.2
5304	17.5
5305	16.7
5306	16.5
5307	15.9
5308	16.1
5309	16.7
5310	17.9
5311	19.7
5312	21.0
5313	21.4
5314	22.4
5315	20.6
5316	21.1
5317	21.6
5318	20.6
5319	20.4
5320	21.5
5321	20.8
5322	20.2
5323	18.8
5324	17.2
5325	16.8
5326	16.2
5327	16.2
5328	15.8
5329	16.1
5330	15.8
5331	16.1
5332	15.3
5333	16.6
5334	17.8
5335	19.4
5336	20.7
5337	20.6
5338	21.0
5339	21.5
5340	22.5
5341	23.0
5342	24.2
5343	22.0
5344	21.9
5345	22.6
5346	20.9
5347	19.5
5348	18.9
5349	18.7
5350	18.6
5351	18.2
5352	17.9
5353	18.0
5354	18.3
5355	18.0
5356	18.1
5357	18.2
5358	18.1
5359	18.2
5360	18.6
5361	19.4
5362	19.7
5363	20.6
5364	20.8
5365	20.1
5366	20.2
5367	20.5
5368	20.6
5369	20.5
5370	21.9
5371	21.1
5372	19.9
5373	19.2
5374	17.7
5375	17.3
5376	16.8
5377	16.4
5378	16.2
5379	16.2
5380	15.8
5381	16.0
5382	16.1
5383	17.1
5384	17.6
5385	18.7
5386	18.1
5387	17.8
5388	18.0
5389	18.1
5390	18.1
5391	18.3
5392	19.7
5393	18.3
5394	17.6
5395	16.7
5396	15.3
5397	14.8
5398	14.5
5399	14.3
5400	14.2
5401	13.8
5402	13.7
5403	13.6
5404	14.5
5405	15.7
5406	17.6
5407	18.1
5408	18.3
5409	18.9
5410	19.4
5411	19.2
5412	20.0
5413	19.9
5414	19.8
5415	19.6
5416	18.7
5417	17.9
5418	17.6
5419	16.5
5420	15.3
5421	14.9
5422	15.1
5423	15.8
5424	15.5
5425	16.3
5426	17.0
5427	17.2
5428	17.5
5429	18.1
5430	18.9
5431	19.8
5432	20.6
5433	21.0
5434	21.4
5435	21.8
5436	21.6
5437	22.2
5438	22.1
5439	22.0
5440	21.7
5441	20.8
5442	19.8
5443	18.8
5444	18.2
5445	18.0
5446	17.7
5447	17.5
5448	17.6
5449	17.6
5450	17.5
5451	17.5
5452	17.6
5453	18.3
5454	19.2
5455	19.9
5456	20.9
5457	22.1
5458	22.3
5459	22.8
5460	22.6
5461	22.2
5462	22.0
5463	22.1
5464	20.9
5465	20.1
5466	19.2
5467	18.4
5468	18.2
5469	18.2
5470	18.2
5471	17.9
5472	17.7
5473	17.6
5474	17.5
5475	17.5
5476	17.3
5477	17.9
5478	18.4
5479	18.6
5480	18.9
5481	19.0
5482	19.2
5483	19.5
5484	19.3
5485	19.7
5486	18.8
5487	18.6
5488	18.4
5489	17.8
5490	17.4
5491	17.0
5492	16.7
5493	16.5
5494	16.6
5495	17.0
5496	17.2
5497	17.2
5498	16.9
5499	16.5
5500	16.7
5501	17.0
5502	17.5
5503	17.6
5504	17.9
5505	18.2
5506	18.6
5507	18.9
5508	18.8
5509	19.4
5510	19.6
5511	19.5
5512	19.4
5513	19.2
5514	18.3
5515	17.7
5516	17.0
5517	16.8
5518	16.7
5519	16.5
5520	16.7
5521	16.6
5522	16.3
5523	15.9
5524	15.5
5525	16.2
5526	17.8
5527	18.9
5528	19.4
5529	19.5
5530	19.4
5531	18.9
5532	18.6
5533	19.2
5534	19.2
5535	19.0
5536	18.6
5537	18.3
5538	17.5
5539	16.5
5540	15.1
5541	14.7
5542	14.7
5543	14.8
5544	14.9
5545	15.3
5546	15.2
5547	15.3
5548	15.3
5549	16.0
5550	18.1
5551	19.7
5552	21.1
5553	21.2
5554	20.6
5555	20.9
5556	20.6
5557	20.8
5558	20.2
5559	20.0
5560	19.5
5561	18.9
5562	17.9
5563	16.5
5564	15.8
5565	15.1
5566	14.8
5567	14.3
5568	14.4
5569	14.0
5570	14.0
5571	13.2
5572	13.6
5573	14.3
5574	16.8
5575	18.7
5576	19.5
5577	20.8
5578	21.4
5579	20.9
5580	21.1
5581	21.3
5582	21.9
5583	21.2
5584	20.6
5585	19.7
5586	19.0
5587	17.5
5588	16.4
5589	16.1
5590	15.9
5591	15.8
5592	15.1
5593	14.3
5594	14.1
5595	14.0
5596	14.3
5597	15.0
5598	15.3
5599	15.8
5600	16.2
5601	16.9
5602	21.2
5603	21.6
5604	21.4
5605	21.4
5606	21.1
5607	21.3
5608	20.6
5609	19.9
5610	18.7
5611	17.9
5612	16.7
5613	15.8
5614	15.6
5615	15.3
5616	14.9
5617	15.5
5618	15.1
5619	15.3
5620	15.9
5621	16.3
5622	16.9
5623	19.0
5624	19.7
5625	20.5
5626	20.8
5627	21.5
5628	22.1
5629	22.0
5630	22.1
5631	22.0
5632	21.7
5633	20.8
5634	19.7
5635	18.9
5636	18.8
5637	18.7
5638	18.8
5639	18.7
5640	18.8
5641	18.7
5642	18.6
5643	18.4
5644	18.7
5645	19.0
5646	19.4
5647	19.5
5648	20.7
5649	22.1
5650	21.9
5651	22.1
5652	22.5
5653	23.4
5654	21.6
5655	21.1
5656	21.6
5657	21.3
5658	21.4
5659	21.4
5660	20.1
5661	19.7
5662	19.7
5663	19.8
5664	19.3
5665	18.9
5666	18.5
5667	18.4
5668	18.4
5669	19.4
5670	20.4
5671	21.1
5672	20.9
5673	21.1
5674	21.8
5675	19.4
5676	19.2
5677	18.1
5678	18.1
5679	18.6
5680	19.0
5681	19.1
5682	18.8
5683	18.5
5684	18.0
5685	17.6
5686	17.2
5687	16.8
5688	16.7
5689	16.3
5690	16.4
5691	16.6
5692	17.2
5693	17.2
5694	16.7
5695	17.2
5696	18.1
5697	18.2
5698	18.2
5699	18.4
5700	18.3
5701	17.9
5702	17.8
5703	18.1
5704	18.2
5705	18.3
5706	18.3
5707	18.2
5708	16.8
5709	16.7
5710	16.2
5711	16.5
5712	17.0
5713	17.3
5714	17.8
5715	18.0
5716	18.3
5717	19.2
5718	20.7
5719	23.1
5720	23.3
5721	22.3
5722	20.0
5723	19.2
5724	19.0
5725	18.8
5726	18.7
5727	18.6
5728	18.5
5729	18.8
5730	18.9
5731	18.6
5732	18.2
5733	16.5
5734	15.3
5735	15.0
5736	14.6
5737	14.6
5738	14.7
5739	14.4
5740	14.8
5741	15.3
5742	16.0
5743	18.0
5744	19.0
5745	19.0
5746	19.9
5747	20.1
5748	20.1
5749	20.3
5750	20.1
5751	20.0
5752	19.2
5753	18.4
5754	17.6
5755	17.2
5756	16.2
5757	15.6
5758	14.9
5759	14.8
5760	14.3
5761	14.2
5762	14.3
5763	14.5
5764	14.7
5765	15.9
5766	17.1
5767	18.5
5768	19.7
5769	19.1
5770	20.1
5771	20.2
5772	20.1
5773	20.5
5774	20.7
5775	20.3
5776	19.7
5777	18.8
5778	17.9
5779	17.6
5780	16.8
5781	16.7
5782	16.7
5783	16.1
5784	16.2
5785	16.4
5786	16.1
5787	16.1
5788	16.2
5789	16.1
5790	16.3
5791	16.6
5792	16.8
5793	17.6
5794	17.9
5795	18.2
5796	18.4
5797	18.3
5798	18.3
5799	18.3
5800	18.1
5801	17.8
5802	17.6
5803	17.2
5804	17.8
5805	17.6
5806	17.2
5807	17.0
5808	16.8
5809	16.0
5810	15.8
5811	16.2
5812	16.4
5813	16.7
5814	17.5
5815	17.9
5816	18.1
5817	19.8
5818	19.5
5819	19.2
5820	18.1
5821	17.7
5822	17.3
5823	17.2
5824	16.5
5825	16.1
5826	15.8
5827	15.8
5828	15.8
5829	16.5
5830	16.8
5831	17.2
5832	17.5
5833	17.4
5834	16.9
5835	16.5
5836	17.1
5837	17.6
5838	18.4
5839	19.7
5840	20.1
5841	20.5
5842	20.6
5843	20.6
5844	19.7
5845	18.9
5846	18.6
5847	18.4
5848	18.2
5849	18.1
5850	18.1
5851	17.5
5852	17.7
5853	18.3
5854	17.8
5855	17.7
5856	17.6
5857	17.3
5858	16.7
5859	16.2
5860	15.8
5861	15.9
5862	16.6
5863	16.7
5864	18.1
5865	18.5
5866	18.9
5867	19.2
5868	19.7
5869	19.7
5870	19.4
5871	18.9
5872	18.3
5873	17.5
5874	17.0
5875	16.7
5876	16.4
5877	15.7
5878	15.6
5879	15.3
5880	14.9
5881	14.7
5882	14.3
5883	14.3
5884	14.9
5885	15.0
5886	15.5
5887	16.4
5888	16.9
5889	17.0
5890	17.5
5891	17.3
5892	17.5
5893	17.6
5894	17.5
5895	17.5
5896	16.7
5897	15.5
5898	14.5
5899	14.2
5900	15.1
5901	14.2
5902	14.3
5903	14.0
5904	13.2
5905	13.6
5906	13.2
5907	13.8
5908	14.7
5909	14.8
5910	16.5
5911	17.1
5912	15.4
5913	15.9
5914	16.2
5915	16.7
5916	16.8
5917	17.2
5918	17.1
5919	17.0
5920	16.5
5921	15.9
5922	15.3
5923	14.7
5924	14.5
5925	14.3
5926	14.3
5927	14.1
5928	14.5
5929	13.3
5930	12.3
5931	12.5
5932	12.7
5933	13.8
5934	16.1
5935	16.2
5936	16.1
5937	13.8
5938	13.4
5939	13.3
5940	14.9
5941	15.4
5942	15.3
5943	14.8
5944	14.2
5945	14.0
5946	12.5
5947	12.1
5948	10.5
5949	10.6
5950	10.7
5951	10.6
5952	10.6
5953	10.6
5954	10.4
5955	10.6
5956	10.4
5957	11.4
5958	12.6
5959	12.5
5960	13.0
5961	14.5
5962	14.9
5963	12.9
5964	13.1
5965	13.0
5966	12.7
5967	14.0
5968	13.4
5969	12.8
5970	13.2
5971	13.4
5972	13.5
5973	13.1
5974	12.3
5975	12.1
5976	12.4
5977	12.5
5978	11.8
5979	11.2
5980	10.8
5981	11.8
5982	12.6
5983	13.6
5984	14.8
5985	15.4
5986	15.9
5987	15.8
5988	16.8
5989	17.2
5990	17.3
5991	16.8
5992	15.8
5993	14.8
5994	14.2
5995	13.6
5996	13.6
5997	12.8
5998	12.8
5999	12.9
6000	12.5
6001	12.1
6002	11.8
6003	11.5
6004	11.7
6005	12.3
6006	12.7
6007	13.4
6008	13.8
6009	14.0
6010	15.3
6011	15.3
6012	15.3
6013	15.4
6014	15.3
6015	15.0
6016	13.8
6017	13.8
6018	14.3
6019	14.3
6020	13.2
6021	13.1
6022	12.6
6023	12.4
6024	12.1
6025	11.4
6026	10.6
6027	10.3
6028	10.4
6029	10.9
6030	11.8
6031	12.0
6032	13.1
6033	14.2
6034	14.3
6035	14.8
6036	14.8
6037	14.8
6038	14.7
6039	14.5
6040	13.3
6041	12.8
6042	12.2
6043	11.8
6044	11.8
6045	10.9
6046	11.5
6047	11.0
6048	10.9
6049	10.8
6050	11.7
6051	12.1
6052	12.1
6053	12.6
6054	13.2
6055	14.0
6056	14.5
6057	16.7
6058	17.1
6059	17.0
6060	16.7
6061	16.6
6062	16.2
6063	15.4
6064	14.8
6065	13.8
6066	13.7
6067	13.1
6068	12.8
6069	12.9
6070	13.4
6071	13.7
6072	13.8
6073	13.6
6074	13.3
6075	13.7
6076	14.7
6077	17.0
6078	17.8
6079	18.2
6080	18.3
6081	18.1
6082	18.4
6083	18.2
6084	17.6
6085	17.0
6086	16.6
6087	15.8
6088	15.1
6089	15.3
6090	15.7
6091	15.9
6092	15.9
6093	15.4
6094	16.0
6095	16.0
6096	16.0
6097	15.9
6098	15.8
6099	15.8
6100	16.2
6101	16.3
6102	16.7
6103	16.5
6104	16.6
6105	16.6
6106	16.8
6107	16.1
6108	16.2
6109	15.8
6110	15.7
6111	15.6
6112	15.7
6113	15.6
6114	15.8
6115	16.1
6116	16.0
6117	15.9
6118	15.6
6119	15.4
6120	15.3
6121	14.4
6122	13.3
6123	13.6
6124	15.3
6125	15.8
6126	16.0
6127	15.8
6128	15.6
6129	15.3
6130	15.3
6131	15.3
6132	15.3
6133	15.3
6134	15.2
6135	15.3
6136	15.5
6137	15.6
6138	15.6
6139	15.8
6140	15.8
6141	15.8
6142	15.8
6143	15.7
6144	15.8
6145	15.8
6146	15.8
6147	15.7
6148	15.8
6149	15.7
6150	15.6
6151	15.6
6152	15.8
6153	15.3
6154	15.1
6155	14.9
6156	15.1
6157	15.3
6158	15.4
6159	15.6
6160	16.1
6161	16.2
6162	16.2
6163	16.1
6164	16.4
6165	15.6
6166	15.8
6167	16.1
6168	15.9
6169	15.1
6170	15.2
6171	15.6
6172	15.8
6173	16.1
6174	16.1
6175	16.1
6176	16.5
6177	16.5
6178	16.0
6179	15.8
6180	15.9
6181	15.6
6182	15.6
6183	15.6
6184	14.5
6185	14.3
6186	11.8
6187	12.6
6188	13.6
6189	14.3
6190	13.1
6191	13.1
6192	13.3
6193	13.3
6194	13.2
6195	13.4
6196	13.7
6197	14.9
6198	16.2
6199	17.0
6200	17.8
6201	16.0
6202	16.5
6203	17.1
6204	17.5
6205	16.8
6206	16.4
6207	16.0
6208	16.0
6209	15.6
6210	15.8
6211	15.9
6212	15.8
6213	16.6
6214	16.4
6215	16.6
6216	17.0
6217	17.5
6218	17.2
6219	17.6
6220	18.3
6221	17.9
6222	18.7
6223	17.3
6224	17.5
6225	19.2
6226	18.9
6227	19.2
6228	18.1
6229	18.7
6230	18.4
6231	18.2
6232	17.7
6233	17.1
6234	16.3
6235	16.2
6236	16.2
6237	15.8
6238	15.3
6239	16.0
6240	16.2
6241	15.3
6242	15.4
6243	15.1
6244	14.9
6245	15.1
6246	15.8
6247	16.5
6248	16.6
6249	16.9
6250	17.0
6251	17.7
6252	17.3
6253	17.5
6254	17.0
6255	16.5
6256	16.0
6257	15.7
6258	15.4
6259	15.0
6260	14.6
6261	14.3
6262	14.2
6263	13.8
6264	13.7
6265	13.5
6266	13.7
6267	13.3
6268	12.8
6269	12.9
6270	14.0
6271	14.7
6272	15.8
6273	16.5
6274	17.0
6275	17.2
6276	16.1
6277	16.0
6278	16.2
6279	16.2
6280	16.1
6281	15.3
6282	14.3
6283	13.9
6284	13.6
6285	13.1
6286	12.6
6287	12.3
6288	12.2
6289	12.2
6290	12.4
6291	12.6
6292	12.9
6293	13.1
6294	13.6
6295	13.5
6296	14.3
6297	15.0
6298	14.9
6299	14.7
6300	14.8
6301	14.8
6302	14.8
6303	14.3
6304	12.9
6305	11.6
6306	11.3
6307	11.1
6308	10.8
6309	11.4
6310	11.1
6311	10.3
6312	10.4
6313	10.2
6314	10.4
6315	10.6
6316	10.4
6317	10.9
6318	11.9
6319	13.3
6320	13.5
6321	13.8
6322	14.7
6323	14.3
6324	13.3
6325	13.8
6326	13.7
6327	12.2
6328	12.4
6329	13.6
6330	13.3
6331	13.3
6332	12.9
6333	12.8
6334	11.2
6335	10.0
6336	10.4
6337	9.8
6338	10.3
6339	11.2
6340	12.4
6341	12.8
6342	13.4
6343	13.7
6344	14.3
6345	14.0
6346	14.3
6347	15.0
6348	14.9
6349	14.8
6350	14.5
6351	14.3
6352	14.5
6353	14.8
6354	15.1
6355	15.1
6356	15.0
6357	15.0
6358	15.0
6359	14.3
6360	14.2
6361	14.3
6362	14.2
6363	14.5
6364	14.5
6365	15.3
6366	15.6
6367	15.6
6368	16.7
6369	16.2
6370	16.1
6371	17.1
6372	15.9
6373	16.7
6374	16.2
6375	14.9
6376	13.7
6377	13.5
6378	13.4
6379	13.8
6380	14.0
6381	14.5
6382	14.3
6383	14.0
6384	13.9
6385	14.2
6386	14.2
6387	13.8
6388	13.8
6389	13.9
6390	14.8
6391	15.1
6392	15.3
6393	15.3
6394	15.3
6395	15.8
6396	15.8
6397	15.3
6398	15.1
6399	15.3
6400	15.0
6401	15.1
6402	14.9
6403	14.6
6404	13.6
6405	13.2
6406	14.1
6407	15.6
6408	15.3
6409	15.5
6410	14.7
6411	14.5
6412	14.2
6413	14.2
6414	16.0
6415	16.1
6416	15.5
6417	16.2
6418	16.3
6419	16.7
6420	16.8
6421	16.8
6422	16.4
6423	15.8
6424	15.1
6425	14.2
6426	13.7
6427	13.7
6428	12.8
6429	12.3
6430	11.8
6431	11.2
6432	10.6
6433	10.2
6434	10.1
6435	10.7
6436	11.1
6437	11.4
6438	12.3
6439	12.3
6440	14.0
6441	14.3
6442	16.6
6443	17.3
6444	16.8
6445	16.9
6446	16.6
6447	15.3
6448	14.5
6449	13.3
6450	12.4
6451	11.8
6452	11.6
6453	10.9
6454	10.6
6455	10.6
6456	10.2
6457	9.9
6458	10.0
6459	9.8
6460	10.1
6461	10.6
6462	12.2
6463	13.8
6464	15.1
6465	15.8
6466	16.2
6467	17.2
6468	17.2
6469	17.1
6470	16.2
6471	15.8
6472	14.9
6473	14.0
6474	13.3
6475	12.6
6476	11.8
6477	11.6
6478	11.1
6479	11.1
6480	10.8
6481	10.6
6482	10.4
6483	10.0
6484	10.4
6485	10.6
6486	11.4
6487	12.4
6488	14.2
6489	14.5
6490	14.3
6491	14.7
6492	15.0
6493	15.0
6494	14.8
6495	12.3
6496	11.7
6497	11.4
6498	11.0
6499	11.9
6500	10.9
6501	11.4
6502	10.4
6503	10.1
6504	9.9
6505	9.5
6506	9.0
6507	9.2
6508	9.0
6509	9.9
6510	10.6
6511	11.6
6512	12.7
6513	13.0
6514	13.4
6515	14.2
6516	14.8
6517	14.8
6518	14.6
6519	12.2
6520	11.4
6521	11.5
6522	11.8
6523	13.2
6524	11.8
6525	11.4
6526	11.2
6527	11.2
6528	10.8
6529	10.7
6530	10.4
6531	10.6
6532	10.4
6533	10.6
6534	11.5
6535	12.8
6536	15.3
6537	16.0
6538	17.0
6539	17.9
6540	17.5
6541	17.7
6542	17.6
6543	16.2
6544	15.1
6545	14.2
6546	13.3
6547	12.7
6548	12.0
6549	11.4
6550	11.2
6551	10.7
6552	10.9
6553	10.9
6554	10.8
6555	11.0
6556	10.8
6557	11.2
6558	12.1
6559	13.6
6560	14.8
6561	15.3
6562	15.8
6563	15.8
6564	15.5
6565	14.5
6566	14.3
6567	14.0
6568	13.8
6569	13.4
6570	13.1
6571	12.9
6572	13.0
6573	12.8
6574	12.9
6575	13.2
6576	13.1
6577	12.5
6578	12.0
6579	12.1
6580	12.2
6581	12.2
6582	13.2
6583	14.3
6584	16.0
6585	16.6
6586	17.4
6587	17.7
6588	17.6
6589	16.8
6590	16.4
6591	15.8
6592	15.0
6593	14.2
6594	13.7
6595	13.6
6596	13.0
6597	12.6
6598	11.8
6599	11.6
6600	11.1
6601	10.9
6602	10.7
6603	10.1
6604	11.5
6605	11.0
6606	11.2
6607	12.2
6608	13.2
6609	14.8
6610	14.5
6611	14.2
6612	13.2
6613	13.1
6614	12.8
6615	11.7
6616	10.4
6617	10.7
6618	9.9
6619	10.4
6620	9.8
6621	10.7
6622	10.8
6623	10.3
6624	9.8
6625	9.8
6626	9.4
6627	9.5
6628	9.3
6629	9.3
6630	9.3
6631	9.2
6632	9.5
6633	9.6
6634	10.4
6635	11.4
6636	12.2
6637	12.1
6638	12.3
6639	11.3
6640	10.4
6641	10.4
6642	10.7
6643	10.4
6644	10.4
6645	10.0
6646	9.9
6647	10.1
6648	10.9
6649	9.4
6650	9.6
6651	10.3
6652	10.3
6653	10.8
6654	11.4
6655	12.2
6656	14.0
6657	14.1
6658	14.5
6659	14.8
6660	14.8
6661	14.0
6662	13.8
6663	12.4
6664	12.2
6665	11.8
6666	11.7
6667	11.4
6668	11.1
6669	10.9
6670	11.1
6671	11.1
6672	11.4
6673	11.2
6674	11.1
6675	10.3
6676	11.3
6677	11.7
6678	11.8
6679	11.4
6680	11.4
6681	10.9
6682	11.2
6683	11.1
6684	11.1
6685	10.5
6686	10.0
6687	10.1
6688	10.1
6689	10.3
6690	10.4
6691	10.2
6692	9.9
6693	9.9
6694	9.8
6695	9.6
6696	9.5
6697	9.3
6698	9.2
6699	9.0
6700	9.3
6701	9.8
6702	9.4
6703	9.3
6704	9.5
6705	9.4
6706	9.5
6707	9.6
6708	9.3
6709	9.4
6710	9.0
6711	8.9
6712	9.1
6713	9.3
6714	9.4
6715	9.7
6716	9.8
6717	9.9
6718	9.9
6719	9.9
6720	9.9
6721	9.9
6722	9.6
6723	9.4
6724	9.6
6725	10.1
6726	10.1
6727	10.0
6728	10.3
6729	10.4
6730	9.8
6731	10.6
6732	10.0
6733	9.5
6734	9.4
6735	8.4
6736	8.8
6737	8.4
6738	8.4
6739	8.6
6740	8.5
6741	8.1
6742	8.4
6743	8.5
6744	8.3
6745	7.7
6746	7.9
6747	7.8
6748	8.2
6749	8.4
6750	8.6
6751	9.5
6752	10.4
6753	10.3
6754	10.1
6755	10.0
6756	9.6
6757	8.7
6758	8.8
6759	7.7
6760	7.7
6761	7.4
6762	7.8
6763	7.5
6764	7.3
6765	7.3
6766	7.1
6767	7.5
6768	6.7
6769	6.8
6770	6.3
6771	5.5
6772	6.0
6773	7.7
6774	7.9
6775	8.2
6776	8.3
6777	8.4
6778	8.9
6779	8.8
6780	8.7
6781	8.0
6782	7.9
6783	7.8
6784	7.0
6785	8.2
6786	8.1
6787	7.9
6788	8.1
6789	7.0
6790	7.5
6791	8.0
6792	8.2
6793	8.2
6794	8.5
6795	7.4
6796	7.3
6797	8.3
6798	8.7
6799	9.1
6800	10.4
6801	10.4
6802	10.4
6803	10.3
6804	10.4
6805	9.3
6806	9.3
6807	8.9
6808	8.7
6809	8.4
6810	8.1
6811	8.4
6812	8.3
6813	8.5
6814	8.3
6815	8.5
6816	8.2
6817	8.2
6818	7.9
6819	7.9
6820	8.0
6821	8.4
6822	8.9
6823	8.7
6824	8.9
6825	9.2
6826	9.0
6827	8.8
6828	8.9
6829	8.9
6830	8.4
6831	8.4
6832	8.3
6833	8.1
6834	8.0
6835	8.4
6836	8.4
6837	8.3
6838	7.8
6839	8.0
6840	8.3
6841	8.4
6842	8.5
6843	9.3
6844	9.4
6845	9.6
6846	9.8
6847	9.9
6848	10.1
6849	10.3
6850	10.0
6851	10.1
6852	10.0
6853	9.8
6854	9.5
6855	9.5
6856	9.6
6857	9.6
6858	9.8
6859	10.0
6860	9.9
6861	9.4
6862	9.4
6863	9.3
6864	8.6
6865	8.4
6866	7.7
6867	7.4
6868	7.4
6869	8.4
6870	10.7
6871	10.6
6872	10.7
6873	11.0
6874	11.1
6875	11.2
6876	10.4
6877	9.8
6878	8.9
6879	8.2
6880	8.0
6881	8.4
6882	8.4
6883	8.4
6884	8.4
6885	8.4
6886	9.1
6887	9.0
6888	9.8
6889	10.0
6890	10.2
6891	10.4
6892	10.9
6893	10.9
6894	11.2
6895	11.6
6896	11.4
6897	11.5
6898	11.2
6899	10.4
6900	9.9
6901	9.9
6902	9.9
6903	10.4
6904	10.7
6905	10.9
6906	10.4
6907	10.3
6908	10.3
6909	10.4
6910	10.4
6911	10.9
6912	10.9
6913	11.0
6914	11.1
6915	11.1
6916	11.2
6917	11.2
6918	10.9
6919	9.4
6920	9.4
6921	9.4
6922	8.7
6923	8.8
6924	8.7
6925	8.7
6926	8.8
6927	8.8
6928	8.9
6929	9.0
6930	9.2
6931	9.2
6932	9.3
6933	9.3
6934	9.8
6935	10.1
6936	10.8
6937	11.4
6938	11.4
6939	11.4
6940	11.6
6941	11.4
6942	11.2
6943	10.9
6944	10.6
6945	10.3
6946	10.3
6947	10.3
6948	10.3
6949	10.4
6950	10.3
6951	10.3
6952	10.4
6953	10.3
6954	10.4
6955	10.4
6956	10.6
6957	10.4
6958	10.1
6959	9.4
6960	8.9
6961	8.4
6962	8.5
6963	9.0
6964	9.0
6965	9.4
6966	9.3
6967	8.8
6968	9.5
6969	9.4
6970	9.1
6971	9.5
6972	9.9
6973	9.8
6974	10.0
6975	10.1
6976	10.0
6977	10.1
6978	9.9
6979	9.9
6980	10.4
6981	9.9
6982	10.6
6983	10.9
6984	10.3
6985	10.1
6986	10.3
6987	10.7
6988	10.7
6989	10.7
6990	10.6
6991	10.4
6992	10.3
6993	10.0
6994	10.1
6995	10.3
6996	10.0
6997	9.9
6998	9.6
6999	9.7
7000	9.8
7001	9.8
7002	9.4
7003	8.5
7004	8.4
7005	9.1
7006	10.3
7007	10.5
7008	10.3
7009	9.9
7010	9.9
7011	8.8
7012	9.2
7013	8.6
7014	9.0
7015	9.4
7016	8.9
7017	8.3
7018	7.9
7019	7.0
7020	7.3
7021	6.5
7022	6.0
7023	5.5
7024	4.9
7025	4.5
7026	4.9
7027	3.5
7028	4.4
7029	7.6
7030	8.7
7031	8.8
7032	9.0
7033	9.3
7034	9.8
7035	10.4
7036	10.4
7037	10.5
7038	10.4
7039	10.3
7040	10.2
7041	10.4
7042	10.3
7043	10.4
7044	10.3
7045	10.4
7046	10.4
7047	10.4
7048	10.6
7049	10.9
7050	10.9
7051	11.0
7052	10.9
7053	11.1
7054	11.1
7055	11.2
7056	11.5
7057	11.6
7058	11.5
7059	11.2
7060	11.4
7061	11.1
7062	11.2
7063	11.0
7064	11.2
7065	11.6
7066	11.8
7067	11.4
7068	11.1
7069	11.3
7070	11.4
7071	11.4
7072	11.6
7073	11.4
7074	11.2
7075	11.5
7076	12.0
7077	13.3
7078	13.7
7079	14.7
7080	15.1
7081	15.8
7082	16.0
7083	15.3
7084	14.9
7085	13.9
7086	12.7
7087	11.9
7088	10.9
7089	10.3
7090	9.7
7091	9.5
7092	9.0
7093	8.5
7094	7.8
7095	7.7
7096	8.2
7097	7.9
7098	7.9
7099	8.2
7100	8.1
7101	8.2
7102	9.0
7103	9.5
7104	10.4
7105	10.6
7106	10.7
7107	10.9
7108	11.1
7109	10.7
7110	11.0
7111	11.1
7112	10.9
7113	10.9
7114	10.7
7115	10.6
7116	10.9
7117	11.0
7118	11.0
7119	10.9
7120	10.7
7121	10.4
7122	10.5
7123	10.4
7124	11.0
7125	11.4
7126	12.8
7127	13.1
7128	13.4
7129	12.7
7130	11.2
7131	10.3
7132	9.2
7133	8.8
7134	8.2
7135	8.4
7136	8.2
7137	7.9
7138	8.0
7139	7.3
7140	7.2
7141	7.3
7142	7.4
7143	7.4
7144	7.3
7145	6.7
7146	7.3
7147	7.7
7148	8.9
7149	9.6
7150	8.7
7151	9.3
7152	10.0
7153	10.4
7154	11.1
7155	10.4
7156	9.9
7157	9.9
7158	9.2
7159	8.6
7160	8.2
7161	7.8
7162	7.1
7163	6.7
7164	6.6
7165	7.0
7166	6.2
7167	7.0
7168	6.0
7169	5.9
7170	6.4
7171	6.5
7172	8.9
7173	9.4
7174	8.9
7175	9.8
7176	10.0
7177	9.9
7178	9.5
7179	8.9
7180	8.3
7181	6.9
7182	6.3
7183	5.5
7184	6.3
7185	7.0
7186	7.5
7187	9.3
7188	9.2
7189	8.5
7190	8.5
7191	8.8
7192	9.3
7193	9.6
7194	9.5
7195	9.8
7196	10.0
7197	10.0
7198	10.1
7199	8.9
7200	9.3
7201	9.9
7202	9.6
7203	9.5
7204	9.3
7205	9.5
7206	8.9
7207	8.9
7208	9.0
7209	9.2
7210	9.5
7211	9.4
7212	9.5
7213	8.9
7214	8.4
7215	8.1
7216	7.5
7217	7.8
7218	8.8
7219	9.2
7220	9.4
7221	9.6
7222	10.1
7223	9.6
7224	9.4
7225	9.2
7226	9.0
7227	8.7
7228	8.7
7229	8.7
7230	8.7
7231	8.5
7232	8.4
7233	8.4
7234	8.2
7235	8.2
7236	7.9
7237	8.0
7238	8.0
7239	8.2
7240	8.5
7241	9.0
7242	9.2
7243	9.5
7244	10.1
7245	10.4
7246	10.4
7247	10.3
7248	10.2
7249	10.3
7250	10.1
7251	9.3
7252	8.5
7253	8.2
7254	7.9
7255	8.1
7256	8.4
7257	8.7
7258	8.4
7259	7.8
7260	7.8
7261	7.7
7262	7.2
7263	8.1
7264	8.2
7265	8.9
7266	9.2
7267	9.6
7268	10.9
7269	11.2
7270	11.8
7271	12.3
7272	10.7
7273	10.4
7274	10.4
7275	9.5
7276	9.0
7277	9.2
7278	9.0
7279	9.1
7280	9.3
7281	10.1
7282	10.8
7283	10.7
7284	10.4
7285	10.1
7286	10.1
7287	10.0
7288	10.3
7289	9.6
7290	9.8
7291	9.7
7292	9.9
7293	10.1
7294	10.6
7295	11.2
7296	11.4
7297	10.4
7298	10.3
7299	10.1
7300	10.2
7301	10.3
7302	10.4
7303	10.5
7304	10.6
7305	10.9
7306	10.7
7307	10.7
7308	10.6
7309	10.4
7310	10.4
7311	10.1
7312	10.1
7313	9.9
7314	9.9
7315	10.4
7316	11.1
7317	13.6
7318	14.1
7319	13.7
7320	13.8
7321	13.4
7322	12.6
7323	11.7
7324	11.2
7325	10.7
7326	10.3
7327	9.8
7328	9.4
7329	8.9
7330	8.8
7331	8.8
7332	8.9
7333	8.9
7334	8.9
7335	8.9
7336	8.8
7337	6.9
7338	7.1
7339	7.0
7340	7.0
7341	7.1
7342	7.7
7343	7.8
7344	8.2
7345	8.9
7346	8.5
7347	7.9
7348	7.9
7349	7.8
7350	7.8
7351	7.4
7352	6.8
7353	6.3
7354	6.0
7355	6.0
7356	5.9
7357	5.9
7358	5.6
7359	5.7
7360	5.9
7361	6.0
7362	6.5
7363	6.5
7364	6.5
7365	6.8
7366	6.5
7367	6.9
7368	7.0
7369	7.3
7370	7.2
7371	7.4
7372	7.7
7373	7.7
7374	7.4
7375	7.4
7376	7.4
7377	7.4
7378	7.4
7379	7.4
7380	7.3
7381	7.4
7382	7.5
7383	7.8
7384	7.7
7385	7.9
7386	8.3
7387	8.7
7388	9.2
7389	9.6
7390	9.9
7391	10.0
7392	9.9
7393	9.9
7394	9.5
7395	9.4
7396	9.3
7397	9.0
7398	8.6
7399	8.0
7400	7.9
7401	8.0
7402	8.1
7403	8.1
7404	8.4
7405	7.9
7406	7.9
7407	7.9
7408	8.3
7409	8.2
7410	7.8
7411	8.4
7412	8.8
7413	9.3
7414	10.0
7415	9.9
7416	9.8
7417	9.8
7418	9.5
7419	9.2
7420	9.0
7421	9.1
7422	9.2
7423	8.9
7424	9.2
7425	9.4
7426	9.4
7427	9.8
7428	9.5
7429	9.5
7430	9.5
7431	9.6
7432	9.8
7433	10.0
7434	10.3
7435	10.7
7436	10.7
7437	10.7
7438	11.2
7439	10.7
7440	11.1
7441	11.2
7442	11.1
7443	10.7
7444	10.7
7445	10.9
7446	10.7
7447	10.9
7448	11.1
7449	11.4
7450	12.1
7451	11.8
7452	12.0
7453	13.2
7454	12.2
7455	11.5
7456	10.7
7457	10.7
7458	11.1
7459	11.2
7460	10.8
7461	10.7
7462	11.1
7463	11.0
7464	11.4
7465	11.2
7466	10.4
7467	9.4
7468	8.9
7469	8.9
7470	8.4
7471	8.2
7472	7.7
7473	7.8
7474	8.0
7475	8.2
7476	8.3
7477	8.8
7478	8.8
7479	9.4
7480	9.9
7481	9.4
7482	10.3
7483	10.1
7484	10.3
7485	11.9
7486	12.2
7487	11.8
7488	10.8
7489	10.5
7490	10.3
7491	10.1
7492	10.1
7493	10.0
7494	10.2
7495	10.7
7496	10.4
7497	10.7
7498	10.6
7499	10.7
7500	10.4
7501	10.4
7502	10.7
7503	10.4
7504	10.6
7505	10.4
7506	9.9
7507	9.8
7508	10.1
7509	10.4
7510	10.7
7511	11.6
7512	11.7
7513	11.8
7514	12.0
7515	12.3
7516	12.3
7517	12.8
7518	12.8
7519	12.3
7520	12.2
7521	12.4
7522	12.3
7523	11.8
7524	12.2
7525	11.8
7526	11.7
7527	11.4
7528	11.2
7529	10.9
7530	11.1
7531	11.4
7532	11.8
7533	12.0
7534	12.6
7535	14.0
7536	13.6
7537	11.9
7538	11.2
7539	10.9
7540	10.5
7541	10.1
7542	10.1
7543	10.3
7544	10.4
7545	10.4
7546	10.3
7547	9.8
7548	9.4
7549	8.9
7550	8.8
7551	9.2
7552	9.6
7553	10.1
7554	10.7
7555	10.7
7556	11.9
7557	11.8
7558	11.8
7559	11.9
7560	12.6
7561	11.8
7562	11.2
7563	10.6
7564	10.3
7565	9.9
7566	9.6
7567	9.7
7568	9.4
7569	9.0
7570	8.7
7571	8.5
7572	8.1
7573	7.9
7574	7.7
7575	8.4
7576	8.5
7577	9.5
7578	9.4
7579	10.1
7580	10.4
7581	10.4
7582	10.9
7583	10.4
7584	10.6
7585	10.6
7586	10.1
7587	10.9
7588	10.7
7589	10.7
7590	9.9
7591	9.3
7592	9.3
7593	9.2
7594	9.3
7595	7.1
7596	7.4
7597	7.3
7598	6.8
7599	6.8
7600	6.3
7601	6.4
7602	6.5
7603	6.4
7604	6.3
7605	6.7
7606	7.4
7607	7.8
7608	8.2
7609	8.7
7610	8.3
7611	7.9
7612	7.8
7613	7.6
7614	7.2
7615	6.9
7616	6.5
7617	6.7
7618	6.3
7619	6.2
7620	6.3
7621	6.0
7622	5.9
7623	5.6
7624	5.7
7625	5.8
7626	5.5
7627	5.0
7628	5.4
7629	5.7
7630	6.5
7631	7.0
7632	7.7
7633	8.7
7634	7.4
7635	7.4
7636	7.1
7637	7.0
7638	6.8
7639	6.7
7640	6.0
7641	5.7
7642	5.9
7643	5.8
7644	5.3
7645	5.4
7646	5.4
7647	5.0
7648	4.8
7649	5.3
7650	5.9
7651	5.0
7652	4.8
7653	6.0
7654	7.8
7655	9.3
7656	7.8
7657	7.7
7658	7.9
7659	8.9
7660	9.8
7661	9.5
7662	9.6
7663	9.5
7664	9.9
7665	9.9
7666	9.8
7667	9.5
7668	9.0
7669	8.2
7670	7.8
7671	7.7
7672	7.2
7673	7.3
7674	7.3
7675	7.3
7676	7.7
7677	7.5
7678	7.8
7679	8.0
7680	8.2
7681	8.0
7682	7.9
7683	8.2
7684	7.9
7685	8.2
7686	8.5
7687	8.1
7688	8.3
7689	8.5
7690	8.7
7691	7.1
7692	8.2
7693	8.8
7694	8.8
7695	8.7
7696	8.4
7697	8.4
7698	7.9
7699	7.7
7700	7.9
7701	7.8
7702	7.4
7703	7.4
7704	7.8
7705	7.8
7706	7.8
7707	7.7
7708	7.4
7709	7.9
7710	8.1
7711	8.0
7712	8.3
7713	8.3
7714	8.5
7715	8.3
7716	8.8
7717	8.8
7718	9.5
7719	9.3
7720	9.1
7721	8.9
7722	9.1
7723	9.2
7724	9.3
7725	8.8
7726	8.8
7727	9.0
7728	8.9
7729	8.9
7730	8.4
7731	8.3
7732	7.9
7733	7.9
7734	7.5
7735	5.4
7736	4.8
7737	4.9
7738	4.5
7739	4.4
7740	3.3
7741	3.2
7742	3.1
7743	2.5
7744	2.3
7745	2.3
7746	2.1
7747	2.1
7748	2.0
7749	2.6
7750	2.4
7751	2.4
7752	2.3
7753	2.5
7754	2.1
7755	1.6
7756	1.3
7757	1.1
7758	0.6
7759	0.4
7760	0.4
7761	0.4
7762	0.1
7763	0.1
7764	0.6
7765	0.6
7766	0.0
7767	-0.2
7768	-0.3
7769	-0.1
7770	-0.5
7771	0.0
7772	0.1
7773	0.0
7774	1.0
7775	1.1
7776	0.6
7777	1.0
7778	0.8
7779	1.1
7780	1.6
7781	2.0
7782	2.0
7783	2.4
7784	2.5
7785	2.6
7786	3.7
7787	3.9
7788	4.0
7789	4.4
7790	4.6
7791	4.8
7792	4.9
7793	4.8
7794	4.8
7795	4.5
7796	4.4
7797	4.5
7798	4.6
7799	4.5
7800	3.8
7801	3.5
7802	2.0
7803	1.6
7804	0.6
7805	0.1
7806	-0.2
7807	-0.3
7808	-0.1
7809	-1.1
7810	-1.3
7811	-1.6
7812	-2.1
7813	-2.0
7814	-2.3
7815	-2.2
7816	-2.7
7817	-3.0
7818	-3.1
7819	-2.3
7820	-1.3
7821	-0.5
7822	0.8
7823	2.4
7824	3.1
7825	2.0
7826	1.8
7827	1.1
7828	0.1
7829	0.0
7830	0.1
7831	0.0
7832	0.6
7833	0.8
7834	2.1
7835	3.8
7836	3.6
7837	3.8
7838	2.9
7839	3.9
7840	4.9
7841	4.1
7842	4.5
7843	5.5
7844	5.5
7845	5.3
7846	5.3
7847	5.7
7848	6.2
7849	6.5
7850	6.5
7851	6.5
7852	6.3
7853	6.1
7854	6.0
7855	5.9
7856	5.7
7857	4.9
7858	5.4
7859	5.4
7860	5.4
7861	5.3
7862	5.8
7863	5.7
7864	5.6
7865	5.7
7866	5.1
7867	5.3
7868	4.3
7869	3.8
7870	3.9
7871	3.6
7872	3.5
7873	3.5
7874	3.3
7875	3.5
7876	3.9
7877	3.9
7878	4.0
7879	4.8
7880	4.5
7881	4.5
7882	3.9
7883	3.8
7884	4.3
7885	3.5
7886	4.1
7887	2.8
7888	3.6
7889	3.5
7890	3.8
7891	3.6
7892	5.1
7893	4.6
7894	4.0
7895	4.6
7896	4.8
7897	5.0
7898	4.8
7899	3.4
7900	3.2
7901	3.2
7902	2.2
7903	1.6
7904	1.6
7905	1.8
7906	2.6
7907	3.0
7908	3.3
7909	3.5
7910	3.6
7911	4.2
7912	4.5
7913	4.7
7914	5.5
7915	6.0
7916	6.4
7917	6.8
7918	7.3
7919	7.3
7920	7.4
7921	7.2
7922	7.2
7923	6.7
7924	6.7
7925	6.7
7926	6.3
7927	6.2
7928	6.2
7929	6.3
7930	6.2
7931	6.5
7932	6.1
7933	6.1
7934	6.0
7935	5.7
7936	5.8
7937	5.9
7938	5.7
7939	5.7
7940	5.9
7941	5.9
7942	5.7
7943	5.7
7944	5.5
7945	5.0
7946	4.0
7947	4.0
7948	4.0
7949	4.1
7950	4.5
7951	4.0
7952	3.9
7953	3.5
7954	3.5
7955	3.9
7956	4.3
7957	5.5
7958	6.0
7959	6.3
7960	6.3
7961	6.3
7962	5.6
7963	4.6
7964	5.1
7965	6.5
7966	7.0
7967	6.7
7968	4.5
7969	5.5
7970	5.7
7971	5.6
7972	6.2
7973	6.9
7974	7.3
7975	7.5
7976	6.8
7977	6.8
7978	8.4
7979	4.8
7980	2.8
7981	3.9
7982	5.6
7983	5.7
7984	5.5
7985	5.1
7986	5.3
7987	5.3
7988	5.9
7989	6.5
7990	7.4
7991	7.6
7992	7.4
7993	6.8
7994	6.6
7995	6.5
7996	6.2
7997	5.7
7998	5.6
7999	5.4
8000	5.2
8001	4.9
8002	4.8
8003	4.5
8004	4.3
8005	4.6
8006	4.6
8007	4.9
8008	5.3
8009	5.3
8010	4.9
8011	5.1
8012	5.6
8013	6.2
8014	6.7
8015	6.8
8016	6.7
8017	6.0
8018	5.4
8019	4.9
8020	4.6
8021	4.5
8022	4.0
8023	3.6
8024	3.1
8025	3.1
8026	2.9
8027	2.6
8028	2.1
8029	2.2
8030	2.1
8031	1.8
8032	2.1
8033	2.4
8034	2.4
8035	2.8
8036	3.1
8037	3.5
8038	4.3
8039	4.5
8040	5.0
8041	5.1
8042	6.0
8043	6.3
8044	6.5
8045	6.5
8046	7.5
8047	7.2
8048	7.4
8049	7.3
8050	7.1
8051	7.4
8052	7.4
8053	7.7
8054	7.8
8055	7.9
8056	8.3
8057	8.0
8058	7.9
8059	7.5
8060	7.8
8061	9.4
8062	9.3
8063	9.8
8064	8.9
8065	7.9
8066	7.2
8067	7.3
8068	7.4
8069	7.5
8070	7.5
8071	7.4
8072	7.1
8073	7.1
8074	7.2
8075	7.1
8076	7.7
8077	7.8
8078	7.5
8079	7.6
8080	7.4
8081	7.3
8082	7.3
8083	7.2
8084	7.0
8085	6.5
8086	7.3
8087	8.4
8088	8.9
8089	8.8
8090	8.3
8091	8.5
8092	8.2
8093	8.4
8094	8.4
8095	8.9
8096	8.3
8097	8.4
8098	8.0
8099	7.7
8100	7.9
8101	7.7
8102	7.6
8103	7.7
8104	7.7
8105	7.8
8106	8.4
8107	8.5
8108	8.5
8109	8.5
8110	8.7
8111	8.8
8112	8.9
8113	8.7
8114	8.5
8115	8.7
8116	8.7
8117	8.6
8118	8.7
8119	8.8
8120	9.0
8121	9.0
8122	8.8
8123	9.0
8124	8.9
8125	9.2
8126	8.9
8127	8.8
8128	8.8
8129	8.7
8130	8.9
8131	8.9
8132	8.9
8133	9.2
8134	9.5
8135	9.6
8136	9.4
8137	9.4
8138	9.4
8139	9.5
8140	9.8
8141	9.8
8142	9.1
8143	10.6
8144	9.4
8145	8.4
8146	8.4
8147	8.4
8148	8.3
8149	8.2
8150	8.4
8151	8.4
8152	8.3
8153	8.0
8154	8.0
8155	8.2
8156	8.3
8157	8.9
8158	9.3
8159	9.8
8160	9.3
8161	8.4
8162	7.5
8163	6.8
8164	6.2
8165	5.7
8166	5.4
8167	4.8
8168	4.6
8169	4.3
8170	3.4
8171	2.1
8172	1.6
8173	2.9
8174	3.1
8175	2.1
8176	0.6
8177	1.3
8178	1.3
8179	1.6
8180	1.8
8181	3.8
8182	6.0
8183	6.3
8184	6.5
8185	6.2
8186	6.5
8187	6.6
8188	6.8
8189	7.1
8190	7.4
8191	7.6
8192	7.7
8193	7.3
8194	7.4
8195	7.3
8196	7.3
8197	7.3
8198	7.3
8199	7.3
8200	7.4
8201	7.5
8202	7.1
8203	7.3
8204	7.1
8205	7.7
8206	8.0
8207	8.2
8208	8.7
8209	8.6
8210	8.2
8211	7.7
8212	7.2
8213	6.5
8214	6.2
8215	5.8
8216	5.6
8217	5.4
8218	5.3
8219	5.4
8220	5.4
8221	6.2
8222	6.7
8223	6.7
8224	6.7
8225	6.4
8226	6.8
8227	7.1
8228	7.4
8229	7.8
8230	7.7
8231	7.7
8232	7.7
8233	7.8
8234	7.3
8235	7.4
8236	7.3
8237	7.3
8238	7.2
8239	7.2
8240	7.3
8241	7.4
8242	7.4
8243	7.4
8244	7.3
8245	7.3
8246	7.0
8247	6.7
8248	6.5
8249	6.3
8250	6.2
8251	6.0
8252	5.9
8253	5.9
8254	5.8
8255	6.0
8256	6.5
8257	6.3
8258	6.5
8259	6.2
8260	5.7
8261	5.1
8262	5.1
8263	4.9
8264	4.7
8265	4.9
8266	4.9
8267	4.5
8268	4.1
8269	4.3
8270	4.2
8271	4.1
8272	4.4
8273	4.5
8274	4.8
8275	4.8
8276	4.9
8277	5.3
8278	5.7
8279	6.0
8280	6.2
8281	6.3
8282	5.9
8283	5.5
8284	5.0
8285	4.9
8286	4.9
8287	4.5
8288	4.2
8289	4.2
8290	4.1
8291	3.7
8292	3.5
8293	3.7
8294	3.8
8295	3.8
8296	3.8
8297	3.2
8298	2.8
8299	1.8
8300	1.1
8301	1.0
8302	1.3
8303	2.2
8304	2.3
8305	1.9
8306	1.1
8307	0.9
8308	0.5
8309	0.0
8310	0.0
8311	-0.3
8312	0.1
8313	-0.1
8314	-0.3
8315	-0.9
8316	-0.5
8317	-0.4
8318	-0.5
8319	-0.5
8320	-0.6
8321	-0.9
8322	-0.6
8323	0.0
8324	1.0
8325	1.3
8326	1.8
8327	2.4
8328	2.3
8329	2.3
8330	2.4
8331	2.6
8332	1.4
8333	1.3
8334	1.4
8335	1.2
8336	1.6
8337	2.2
8338	2.4
8339	2.1
8340	2.8
8341	2.6
8342	2.2
8343	1.8
8344	1.2
8345	0.9
8346	1.2
8347	1.0
8348	3.0
8349	3.5
8350	3.4
8351	3.5
8352	3.5
8353	2.9
8354	1.6
8355	0.9
8356	0.4
8357	-0.3
8358	0.2
8359	1.1
8360	0.5
8361	-1.1
8362	-1.3
8363	-1.3
8364	-2.0
8365	-1.5
8366	-1.5
8367	-1.3
8368	-1.8
8369	-2.0
8370	-3.1
8371	-1.6
8372	-1.4
8373	-0.5
8374	-0.1
8375	0.1
8376	0.3
8377	0.6
8378	1.0
8379	1.5
8380	2.3
8381	2.3
8382	2.9
8383	3.2
8384	3.3
8385	3.2
8386	2.9
8387	3.3
8388	3.5
8389	3.8
8390	3.9
8391	4.1
8392	4.4
8393	4.5
8394	4.8
8395	5.5
8396	5.6
8397	5.7
8398	5.5
8399	5.1
8400	5.3
8401	5.4
8402	6.0
8403	5.6
8404	6.0
8405	6.3
8406	6.5
8407	6.6
8408	7.2
8409	6.9
8410	7.1
8411	6.8
8412	6.3
8413	6.3
8414	6.3
8415	6.7
8416	6.3
8417	7.0
8418	6.5
8419	6.5
8420	6.3
8421	7.3
8422	8.0
8423	8.7
8424	8.9
8425	7.7
8426	7.9
8427	7.8
8428	8.8
8429	8.4
8430	7.9
8431	8.4
8432	8.2
8433	8.5
8434	8.3
8435	8.3
8436	8.7
8437	8.5
8438	8.7
8439	8.7
8440	8.1
8441	7.4
8442	7.0
8443	7.4
8444	7.1
8445	7.1
8446	8.6
8447	8.6
8448	9.2
8449	7.9
8450	8.3
8451	8.2
8452	7.5
8453	7.1
8454	6.8
8455	6.8
8456	6.9
8457	7.1
8458	7.2
8459	7.1
8460	7.3
8461	7.3
8462	7.3
8463	8.2
8464	7.4
8465	8.3
8466	8.5
8467	8.3
8468	7.5
8469	8.3
8470	7.3
8471	7.3
8472	7.0
8473	7.6
8474	7.4
8475	7.4
8476	7.4
8477	7.3
8478	7.5
8479	7.4
8480	8.6
8481	8.4
8482	7.9
8483	8.3
8484	7.7
8485	7.7
8486	7.4
8487	7.4
8488	7.6
8489	7.8
8490	7.5
8491	7.8
8492	8.0
8493	8.5
8494	8.4
8495	8.5
8496	8.3
8497	8.3
8498	7.4
8499	7.5
8500	7.7
8501	7.4
8502	7.1
8503	7.1
8504	7.0
8505	6.8
8506	7.1
8507	6.7
8508	6.5
8509	6.8
8510	7.4
8511	8.3
8512	8.7
8513	8.4
8514	8.6
8515	8.4
8516	8.3
8517	8.4
8518	7.9
8519	7.3
8520	6.8
8521	7.0
8522	7.0
8523	6.8
8524	7.2
8525	7.3
8526	7.6
8527	7.9
8528	8.4
8529	8.2
8530	8.3
8531	9.9
8532	9.2
8533	8.8
8534	8.4
8535	8.3
8536	8.4
8537	8.9
8538	8.3
8539	7.4
8540	7.7
8541	8.4
8542	9.5
8543	9.2
8544	9.3
8545	8.6
8546	8.3
8547	8.0
8548	8.4
8549	7.9
8550	7.8
8551	7.1
8552	7.2
8553	6.5
8554	7.0
8555	6.5
8556	6.3
8557	6.3
8558	5.5
8559	5.5
8560	5.5
8561	5.4
8562	5.4
8563	5.3
8564	5.4
8565	5.7
8566	6.5
8567	6.5
8568	6.5
8569	6.9
8570	7.1
8571	7.1
8572	7.3
8573	6.9
8574	6.7
8575	7.3
8576	7.2
8577	7.4
8578	7.3
8579	7.6
8580	7.9
8581	8.3
8582	8.8
8583	7.9
8584	7.4
8585	7.1
8586	7.1
8587	7.0
8588	7.1
8589	7.3
8590	7.4
8591	7.5
8592	7.5
8593	7.2
8594	6.7
8595	6.5
8596	6.8
8597	7.2
8598	7.4
8599	7.2
8600	7.3
8601	7.5
8602	7.5
8603	7.0
8604	6.5
8605	6.5
8606	6.3
8607	6.0
8608	6.0
8609	6.0
8610	5.8
8611	5.6
8612	5.4
8613	5.1
8614	5.4
8615	5.7
8616	5.6
8617	5.2
8618	4.6
8619	3.8
8620	3.3
8621	3.1
8622	2.6
8623	2.3
8624	2.1
8625	2.1
8626	1.8
8627	1.6
8628	1.6
8629	1.3
8630	1.3
8631	1.8
8632	2.6
8633	2.0
8634	1.6
8635	1.3
8636	1.2
8637	1.1
8638	1.6
8639	2.4
8640	4.3
8641	5.9
8642	6.5
8643	4.9
8644	3.4
8645	2.6
8646	3.3
8647	4.6
8648	6.0
8649	5.9
8650	5.9
8651	5.5
8652	5.4
8653	5.1
8654	3.9
8655	3.4
8656	2.6
8657	3.3
8658	3.1
8659	2.8
8660	2.8
8661	2.9
8662	2.9
8663	3.1
8664	2.9
8665	2.8
8666	2.3
8667	2.1
8668	1.6
8669	1.6
8670	1.7
8671	1.6
8672	1.3
8673	1.5
8674	1.6
8675	1.7
8676	1.6
8677	1.8
8678	1.8
8679	1.9
8680	2.0
8681	2.1
8682	2.3
8683	2.6
8684	2.9
8685	3.3
8686	3.4
8687	3.4
8688	3.3
8689	2.9
8690	2.6
8691	2.6
8692	2.8
8693	2.7
8694	2.6
8695	2.6
8696	2.6
8697	2.6
8698	2.3
8699	2.1
8700	2.1
8701	2.1
8702	1.6
8703	1.3
8704	1.5
8705	1.5
8706	1.3
8707	1.5
8708	1.6
8709	1.6
8710	2.1
8711	2.0
8712	2.1
8713	2.3
8714	1.6
8715	1.5
8716	1.3
8717	1.1
8718	1.0
8719	0.8
8720	0.7
8721	0.5
8722	0.4
8723	0.4
8724	0.4
8725	0.1
8726	0.0
8727	0.4
8728	0.4
8729	0.5
8730	0.5
8731	0.6
8732	1.6
8733	2.6
8734	3.1
8735	3.2
8736	3.1
8737	2.7
8738	2.4
8739	2.0
8740	2.1
8741	1.9
8742	1.8
8743	1.5
8744	1.0
8745	1.3
8746	1.2